﻿Tabla:,,INGRESOS,,,,,
,,,,,,,
Insumos:,,,,,,,
"TR_ENIGHN2020C14_INGRESO
INGRESOS_JCF",,,,,,,
,,,,,,,
Construcción general:,,,,,,,
"La conformación de esta tabla se realiza filtrando las claves P108, debido a que este apoyo se pudo reportar en cualquiera de las claves de ingreso por trabajo por lo que se duplicaría el ingreso del apoyo al no saber en cual de las claves de ingreso por trabajo lo reportaron, se trimestraliza el ingreso según la decena de levantamiento (ver nota), en seguida se agregan los registros de la tabla ingresos_jcf siempre y cuando la variable ct_futuro sea igual a 9 (ct_futuro = 9), que es la clasificación que nos señala que no reporto el apoyo en alguna otras clave.",,,,,,,
,,,,,,,
Lista de variables:,,,,,,,
#,Variable,,,Tipo,Categorías / valores nulos,,Construcción / Observaciones
,Explotación,Validación,Nemónico DWH,,Valor,Etiqueta,
1,folioviv,FOLIOVIV,IDENTIFICADOR_VIVIENDA,C (10),NOT NULL,,"Identificador de la vivienda compuesto por dos dígitos con la clave de la entidad federativa, uno con el ámbito (urbano, código diferente a 6; rural, código 6), cuatro dígitos del número consecutivo de la upm, un dígito de la decena de levantamiento y dos dígitos con un número consecutivo para la vivienda seleccionada."
2,foliohog,FOLIOHOG,IDENTIFICADOR_HOGAR,C (1),NOT NULL,,"Identificador del hogar, el código 1 identifica al hogar principal y del 2 al 5 los hogares adicionales"
3,numren,NUMREN,IDENTIFICADOR_PERSONA,C (2),NOT NULL,,Número consecutivo en el registro de personas del hogar
4,clave,CLAVE,CLASIFICACION_INGRESOS,C (4),NOT NULL,,Categorías en catálogo de ingresos
5,mes_1,MES_1,PRIMER_MES_INGRESO,C (2),NULL,,
,,,,,07,julio,
,,,,,08,agosto,
,,,,,09,septiembre,
,,,,,10,octubre,
6,mes_2,MES_2,SEGUNDO_MES_INGRESO,C (2),NULL,,
,,,,,06,junio,
,,,,,07,julio,
,,,,,08,agosto,
,,,,,09,septiembre,
7,mes_3,MES_3,TERCER_MES_INGRESO,C (2),NULL,,
,,,,,05,mayo,
,,,,,06,junio,
,,,,,07,julio,
,,,,,08,agosto,
8,mes_4,MES_4,CUARTO_MES_INGRESO,C (2),NULL,,
,,,,,04,abril,
,,,,,05,mayo,
,,,,,06,junio,
,,,,,07,julio,
9,mes_5,MES_5,QUINTO_MES_INGRESO,C (2),NULL,,
,,,,,03,marzo,
,,,,,04,abril,
,,,,,05,mayo,
,,,,,06,junio,
10,mes_6,MES_6,SEXTO_MES_INGRESO,C (2),NULL,,
,,,,,02,febrero,
,,,,,03,marzo,
,,,,,04,abril,
,,,,,05,mayo,
11,ing_1,ING_1,INGRESO_PRIMER_MES,N (9),NOT NULL,,
12,ing_2,ING_2,INGRESO_SEGUNDO_MES,N (9),NULL,,
13,ing_3,ING_3,INGRESO_TERCER_MES,N (9),NULL,,
14,ing_4,ING_4,INGRESO_CUARTO_MES,N (9),NULL,,
15,ing_5,ING_5,INGRESO_QUINTO_MES,N (9),NULL,,
16,ing_6,ING_6,INGRESO_SEXTO_MES,N (9),NULL,,
17,ing_tri,,INGRESO_TRIMESTRAL,"N (12,2)",NOT NULL,,Variable construida (ver nota)
,,,,,,,
,,,,,,,
,"Trimestralización de INGRESOS, dependen de la decena y periodo del ingreso determinado por la clave.",,,,,,
,PERIODO DE REFERENCIA,DECENA,Factor de ajuste trimestral,CLAVE,,,
,SEMESTRAL,2,0.4972375690,"P001 – P007, P011 – P014, P018 – P049, P051 – P081, P101 – P108",,ing_tri= (ing_1 + ing_2 + ing_3 + ing_4 + ing_5 + ing_6) * (factor de ajuste trimestral),
,,"3 – 5, 9, 0",0.4891304347,,,,
,,6 – 8,0.4918032786,,,,
,ANUAL*,2,0.4972375690,"P008, P009, P015, P016 y P050",,ing_tri= (ing_1 / 2) * (factor de ajuste trimestral),
,,"3 – 5, 9, 0",0.4891304347,,,,
,,6 – 8,0.4918032786,,,,
," Nota:  La decena es el dígito 8 de la variable folioviv; no habrá redondeo, sólo truncar a dos decimales.",,,,,,
,*Los ingresos se transforman en semestrales.,,,,,,
