﻿Tabla:,,TRABAJOS,,,,
,,,,,,
Insumos:,,,,,,
"TR_ENIGHV2022_TRABAJO
TR_ENIGHV2022_NEGOCIO",,,,,,
,,,,,,
Construcción general:,,,,,,
"Se agrega la tabla TR_ENIGHV2022_NEGOCIO a TR_ENIGHV2022_TRABAJO.
Se renombran las variables (para explotación) de acuerdo a la lista de variables.",,,,,,
,,,,,,
Lista de variables:,,,,,,
#,Variable,,Tipo,Categorías / valores nulos,,Construcción / Observaciones
,Explotación,Validación,,Valor,Etiqueta,
1,folioviv,FOLIOVIV,C (10),NOT NULL,,"Identificador de la vivienda compuesto por dos dígitos con la clave de la entidad federativa, uno con el ámbito (urbano, código diferente a 6; rural, código 6), cuatro dígitos del número consecutivo de la upm, un dígito de la decena de levantamiento y dos dígitos con un número consecutivo para la vivienda seleccionada."
2,foliohog,FOLIOHOG,C (1),NOT NULL,,"Identificador del hogar, el código 1 identifica al hogar principal y del 2 al 5 los hogares adicionales"
3,numren,NUMREN,C (2),NOT NULL,,Número consecutivo en el registro de personas del hogar
4,id_trabajo,NUMTRAB,C (1),NOT NULL,,
,,,,1,Trabajo principal,
,,,,2,Trabajo secundario,
5,trapais,TRAPAIS,C (1),NOT NULL,,
,,,,1,Sí,
,,,,2,No,
6,subor,SUBOR,C (1),NOT NULL,,
,,,,1,Sí,
,,,,2,No,
7,indep,INDEP,C (1),NULL,,
,,,,1,Sí,
,,,,2,No,
8,personal,PERSONAL,C (1),NULL,,
,,,,1,Sí,
,,,,2,No,
9,pago,PAGO,C (1),NULL,,
,,,,1,Recibe un pago,
,,,,2,Es un trabajador(a) sin pago en un negocio del hogar,
,,,,3,Es un trabajador(a) sin pago en un negocio que no es del hogar,
10,contrato,CONTRATO,C (1),NULL,,
,,,,1,Sí,
,,,,2,No,
11,tipocontr,TIPOCONTR,C (1),NULL,,
,,,,1,Es temporal o por obra determinada,
,,,,2,"Es de base, planta o por tiempo Indeterminado",
12,pres_1,PRES_1,C (2),NULL,,
,,,,01,"Incapacidad en caso de enfermedad, accidente o maternidad",
13,pres_2,PRES_2,C (2),NULL,,
,,,,02,Aguinaldo,
14,pres_3,PRES_3,C (2),NULL,,
,,,,03,Vacaciones con goce de sueldo,
15,pres_4,PRES_4,C (2),NULL,,
,,,,04,Reparto de utilidades,
16,pres_5,PRES_5,C (2),NULL,,
,,,,05,Crédito de vivienda,
17,pres_6,PRES_6,C (2),NULL,,
,,,,06,Guarderías y estancias infantiles,
18,pres_7,PRES_7,C (2),NULL,,
,,,,07,Tiempo para cuidados maternos o paternos,
19,pres_8,PRES_8,C (2),NULL,,
,,,,08,SAR o AFORE,
20,pres_9,PRES_9,C (2),NULL,,
,,,,09,Seguro de vida,
21,pres_10,PRES_10,C (2),NULL,,
,,,,10,Préstamos personales y/o caja de ahorro,
22,pres_11,PRES_11,C (2),NULL,,
,,,,11,Prima vacacional,
23,pres_12,PRES_12,C (2),NULL,,
,,,,12,Becas y apoyos educativos,
24,pres_13,PRES_13,C (2),NULL,,
,,,,13,Servicio de comedor,
25,pres_14,PRES_14,C (2),NULL,,
,,,,14,Crédito FONACOT,
26,pres_15,PRES_15,C (2),NULL,,
,,,,15,Ayuda de despensas,
27,pres_16,PRES_16,C (2),NULL,,
,,,,16,"Ayuda o exención en el pago de luz, agua, teléfono, etc",
28,pres_17,PRES_17,C (2),NULL,,
,,,,17,Pensión en caso de invalidez,
29,pres_18,PRES_18,C (2),NULL,,
,,,,18,Pensión para sus familiares en caso de fallecimiento,
30,pres_19,PRES_19,C (2),NULL,,
,,,,19,Otras prestaciones,
31,pres_20,PRES_20,C (2),NULL,,
,,,,20,No tiene prestaciones provenientes de su trabajo,
32,htrab,HTRAB,N (3),NOT NULL,,
33,sinco,SINCO,C (4),NOT NULL,,catálogo SINCO
34,scian,SCIAN,C (4),NOT NULL,,catálogo SCIAN
35,clas_emp,CLAS_EMP,C (1),NULL,,
,,,,1,"De tipo independiente, personal o familiar",
,,,,2,Una compañía o empresa del sector privado,
,,,,3,Una institución de gobierno,
,,,,4,Una institución no administrada por el gobierno,
36,tam_emp,TAM_EMP,C (2),NOT NULL,,
,,,,01,De 1 persona,
,,,,02,De 2 a 5 personas,
,,,,03,De 6 a 10 personas,
,,,,04,De 11 a 15 personas,
,,,,05,De 16 a 20 personas,
,,,,06,De 21 a 30 personas,
,,,,07,De 31 a 50 personas,
,,,,08,De 51 a 100 personas,
,,,,09,De 101 a 250 personas,
,,,,10,De 251 a 500 personas,
,,,,11,De 501 a más personas,
,,,,12,No sabe,
37,no_ing,P49,C (2),NULL,,
,,,,01,Pago en especie,
,,,,02,No le han pagado,
,,,,03,Está contratado pero no ha iniciado sus actividades,
,,,,04,"Incapacidad temporal (enfermedad, accidente, etcétera)",
,,,,05,"Falta de trabajo (cierre temporal de la empresa, negocio o comercio pero sin haber sido despedido)",
,,,,06,Conflicto laboral o huelga de subordinados,
,,,,07,Escasez de materiales y reparación del equipo para la producción o venta de subordinados,
,,,,08,Está esperando continuar con las labores agrícolas,
,,,,09,Conflicto laboral o huelga de independientes,
,,,,10,Inicio labores y no hay gastos ni ingresos,
,,,,11,Escasez de materiales y reparación del equipo para la producción o venta de independientes,
,,,,12,No ha tenido utilidades en el periodo de referencia,
,,,,13,El negocio tuvo pérdidas,
,,,,99,Otras causas no consideradas en las anteriores,
38,tiene_suel,TIENE_SUEL,C (1),NULL,,
,,,,1,Sí,
,,,,2,No,
39,tipoact,TIPOACT,C (1),NULL,,
,,,,1,Industrial,
,,,,2,Comercial,
,,,,3,De servicios,
,,,,4,Actividades agrícolas,
,,,,5,Actividades de cría y explotación de animales,
,,,,6,Actividades de recolección,
,,,,7,Reforestación y tala de arboles,
,,,,8,Actividades de caza y captura de animales,
,,,,9,Actividades de pesca,
40,socios,SOCIOS,C (1),NULL,,
,,,,1,Sí,
,,,,2,No,
41,soc_nr1,SOC_NR1,C (2),NULL,,
42,soc_nr2,SOC_NR2,C (2),NULL,,
43,soc_resp,SOC_RESP,C (2),NULL,,
44,otra_act,OTRA_ACT,C (1),NULL,,
,,,,1,Sí,
,,,,2,No,
45,tipoact2,TIPOACT2,C (1),NULL,,
,,,,1,Industrial,
,,,,2,Comercial,
,,,,3,De servicios,
,,,,4,Actividades agrícolas,
,,,,5,Actividades de cría y explotación de animales,
,,,,6,Actividades de recolección,
,,,,7,Reforestación y tala de arboles,
,,,,8,Actividades de caza y captura de animales,
,,,,9,Actividades de pesca,
46,tipoact3,TIPOACT3,C (1),NULL,,
,,,,1,Industrial,
,,,,2,Comercial,
,,,,3,De servicios,
,,,,4,Actividades agrícolas,
,,,,5,Actividades de cría y explotación de animales,
,,,,6,Actividades de recolección,
,,,,7,Reforestación y tala de arboles,
,,,,8,Actividades de caza y captura de animales,
,,,,9,Actividades de pesca,
47,tipoact4,TIPOACT4,C (1),NULL,,
,,,,1,Industrial,
,,,,2,Comercial,
,,,,3,De servicios,
,,,,4,Actividades agrícolas,
,,,,5,Actividades de cría y explotación de animales,
,,,,6,Actividades de recolección,
,,,,7,Reforestación y tala de arboles,
,,,,8,Actividades de caza y captura de animales,
,,,,9,Actividades de pesca,
48,lugar,LUGAR,C (1),NULL,,
,,,,1,Sí,
,,,,2,No,
49,conf_pers,PERSONAL,C (1),NULL,,Esta variable proviene de la tabla NEGOCIO
,,,,1,Sí,
,,,,2,No,
50,medtrab_1,MEDTRAB_1,C (1),NULL,,
,,,,1,Servicios médicos del seguro social IMSS,
51,medtrab_2,MEDTRAB_2,C (1),NULL,,
,,,,2,Servicios médicos del ISSSTE,
52,medtrab_3,MEDTRAB_3,C (1),NULL,,
,,,,3,Servicios médicos del ISSSTE estatal,
53,medtrab_4,MEDTRAB_4,C (1),NULL,,
,,,,4,"Servicios médicos de PEMEX, del ejército o de la marina",
54,medtrab_5,MEDTRAB_5,C (1),NULL,,
,,,,5,Servicios médicos de universidades,
55,medtrab_6,MEDTRAB_6,C (1),NULL,,
,,,,6,Servicios médicos privados,
56,medtrab_7,MEDTRAB_7,C (1),NULL,,
,,,,7,No tiene servicio médico en este trabajo,
57,entidad,,C (2),NOT NULL,,Variable construida con las claves de la entidad TC_ENIGHV2022_MUESTRAS;
58,est_dis,EDIS_EG,C (3),NOT NULL,,Variable definida en el diseño muestral
59,upm,UPM_DIS,C (7),NOT NULL,,Variable definida en el diseño muestral
60,factor,FACTOR,N (5),NOT NULL,,Factor de expansión proporcionado por el área de muestras
