﻿Tabla:,,INGRESOS_JCF,,,,,
,,,,,,,
Insumos:,,,,,,,
"TR_ENIGHV2022_INGRESO
TR_ENIGHV2022_PERSONA",,,,,,,
,,,,,,,
Construcción general:,,,,,,,
"La conformación de esta tabla se realiza extrayendo los ingresos del programa Jóvenes Construyendo el Futuro, clave P108, de la tabla TR_ENIGHV2022_INGRESO, se agrega la variable ct_futuro de la tabla TR_ENIGHV2022_PERSONA, se trimestraliza el ingreso según la decena de levantamiento (ver nota)",,,,,,,
,,,,,,,
Lista de variables:,,,,,,,
#,Variable,,Tipo,Categorías / valores nulos,,Construcción / Observaciones,
,Explotación,Validación,,Valor,Etiqueta,,
1,folioviv,FOLIOVIV,C (10),NOT NULL,,"Identificador de la vivienda compuesto por dos dígitos con la clave de la entidad federativa, uno con el ámbito (urbano, código diferente a 6; rural, código 6), cuatro dígitos del número consecutivo de la upm, un dígito de la decena de levantamiento y dos dígitos con un número consecutivo para la vivienda seleccionada.",
2,foliohog,FOLIOHOG,C (1),NOT NULL,,"Identificador del hogar, el código 1 identifica al hogar principal y del 2 al 5 los hogares adicionales",
3,numren,NUMREN,C (2),NOT NULL,,Número consecutivo en el registro de personas del hogar,
4,clave,CLAVE,C (4),NOT NULL,,Categorías en catálogo de ingresos,
5,mes_1,MES_1,C (2),NULL,,,
,,,,07,julio,,
,,,,08,agosto,,
,,,,09,septiembre,,
,,,,10,octubre,,
6,mes_2,MES_2,C (2),NULL,,,
,,,,06,junio,,
,,,,07,julio,,
,,,,08,agosto,,
,,,,09,septiembre,,
7,mes_3,MES_3,C (2),NULL,,,
,,,,05,mayo,,
,,,,06,junio,,
,,,,07,julio,,
,,,,08,agosto,,
8,mes_4,MES_4,C (2),NULL,,,
,,,,04,abril,,
,,,,05,mayo,,
,,,,06,junio,,
,,,,07,julio,,
9,mes_5,MES_5,C (2),NULL,,,
,,,,03,marzo,,
,,,,04,abril,,
,,,,05,mayo,,
,,,,06,junio,,
10,mes_6,MES_6,C (2),NULL,,,
,,,,02,febrero,,
,,,,03,marzo,,
,,,,04,abril,,
,,,,05,mayo,,
11,ing_1,ING_1,N (9),NOT NULL,,,
12,ing_2,ING_2,N (9),NULL,,,
13,ing_3,ING_3,N (9),NULL,,,
14,ing_4,ING_4,N (9),NULL,,,
15,ing_5,ING_5,N (9),NULL,,,
16,ing_6,ING_6,N (9),NULL,,,
17,ing_tri,,"N (12,2)",NOT NULL,,Variable construida (ver nota),
18,ct_futuro,CT_FUTURO,C (1),NULL,,Viene de la tabla POBLACION,
,,,,1,Trabajo principal,,
,,,,2,Trabajo secundario,,
,,,,3,Otros trabajos del mes pasado,,
,,,,8,Trabajos realizados antes del mes pasado,,
,,,,9,"Si tiene programa, pero no lo declaro como el trabajo",,
,,,,,,,
,,,,,,,
,"Trimestralización de INGRESOS, dependen de la decena y periodo del ingreso determinado por la clave.",,,,,,
,PERIODO DE REFERENCIA,DECENA,Factor de ajuste trimestral,CLAVE,,,
,SEMESTRAL,2,0.4972375690,P108,,ing_tri= (ing_1 + ing_2 + ing_3 + ing_4 + ing_5 + ing_6) * (factor de ajuste trimestral),
,,"3 – 5, 9, 0",0.4891304347,,,,
,,6 – 8,0.4918032786,,,,
," Nota:  La decena es el dígito 8 de la variable folioviv; no habrá redondeo, sólo truncar a dos decimales.",,,,,,
