﻿Tabla:,,HOGARES,,,,,
,,,,,,,
Insumos:,,,,,,,
TR_ENIGHN2020C14_HOGAR,,,,,,,
,,,,,,,
Construcción general:,,,,,,,
"Recodificar las variables que indican el número de artículos en el tema de equipamiento del hogar(servicios,vehículos o aparatos): cuando el hogar no tenga artículos, el número de artículos es cero
(ejemplo: IF eqh1_t='2' eqh1_n=0).
Recodificar los huéspedes y empleados domésticos de acuerdo a la lista de variables.
Se renombran las variables (para explotación) de acuerdo a la lista de variables.",,,,,,,
,,,,,,,
Lista de variables:,,,,,,,
#,Variable,,,Tipo,Categorías / valores nulos,,Construcción / Observaciones
,Explotación,Validación,Nemónico DWH,,Valor,Etiqueta,
1,folioviv,FOLIOVIV,IDENTIFICADOR_VIVIENDA,C (10),NOT NULL,,"Identificador de la vivienda compuesto por dos dígitos con la clave de la entidad federativa, uno con el ámbito (urbano, código diferente a 6; rural, código 6), cuatro dígitos del número consecutivo de la upm, un dígito de la decena de levantamiento y dos dígitos con un número consecutivo para la vivienda seleccionada."
2,foliohog,FOLIOHOG,IDENTIFICADOR_HOGAR,C (1),NOT NULL,,"Identificador del hogar, el código 1 identifica al hogar principal y del 2 al 5 los hogares adicionales"
3,huespedes,HUESPEDES5,HUESPEDES_DUERMEN,N (1),NULL,,"Si HUESPEDES4='2', entonces  huespedes=0."
4,huesp_come,HUESPEDES6,HUESPEDES_COMEN,N (1),NULL,,
5,num_trab_d,DOMESTICO8,TRABAJADORES_ DOMESTICOS,N (1),NULL,,"Si DOMESTICO7='2', entonces  num_trab_d=0."
6,trab_come,DOMESTICO9,TRABAJA_DOMESTICOS_COMEN,N (1),NULL,,
7,acc_alim1,ALIM1,PREOCUPACIÓN_COMIDA_ACABE,C (1),NOT NULL,,
,,,,,1,Sí,
,,,,,2,No,
8,acc_alim2,ALIM2,SIN_COMIDA,C (1),NOT NULL,,
,,,,,1,Sí,
,,,,,2,No,
9,acc_alim3,ALIM3,POCA_VARIEDAD_COMIDA,C (1),NOT NULL,,
,,,,,1,Sí,
,,,,,2,No,
10,acc_alim4,ALIM4,POCA_VARIEDAD_COMIDA_ADULTO,C (1),NOT NULL,,
,,,,,1,Sí,
,,,,,2,No,
11,acc_alim5,ALIM5,DEJO_ALGUN_ALIMENTO,C (1),NOT NULL,,
,,,,,1,Sí,
,,,,,2,No,
12,acc_alim6,ALIM6,COMIO_MENOS,C (1),NOT NULL,,
,,,,,1,Sí,
,,,,,2,No,
13,acc_alim7,ALIM7,SINTIO_HAMBRE,C (1),NULL,,
,,,,,1,Sí,
,,,,,2,No,
14,acc_alim8,ALIM8,COMIO_UNA_VEZ_AL_DIA,C (1),NULL,,
,,,,,1,Sí,
,,,,,2,No,
15,acc_alim9,ALIM9,MENDIGAR_POR_COMIDA,C (1),NULL,,
,,,,,1,Sí,
,,,,,2,No,
16,acc_alim10,ALIM10,MENOR_ALIMENTOS_NO_SANOS,C (1),NULL,,
,,,,,1,Sí,
,,,,,2,No,
17,acc_alim11,ALIM11,MENOR_POCA_VARIEDAD,C (1),NULL,,
,,,,,1,Sí,
,,,,,2,No,
18,acc_alim12,ALIM12,MENOR_COMIO_MENOS,C (1),NULL,,
,,,,,1,Sí,
,,,,,2,No,
19,acc_alim13,ALIM13,DISMINUCION_COMIDA_MENOR,C (1),NULL,,
,,,,,1,Sí,
,,,,,2,No,
20,acc_alim14,ALIM14,MENOR_SINTIO_HAMBRE,C (1),NULL,,
,,,,,1,Sí,
,,,,,2,No,
21,acc_alim15,ALIM15,MENOR_DURMIO_CON_AMBRE,C (1),NULL,,
,,,,,1,Sí,
,,,,,2,No,
22,acc_alim16,ALIM16,MENOR_COMIO_UNA_VEZ_DIA,C (1),NULL,,
,,,,,1,Sí,
,,,,,2,No,
23,alim17_1,ALIM17_1,DIAS_COMIERON_CEREAL,N (1),NOT NULL,,
24,alim17_2,ALIM17_2,DIAS_COMIERON_TUBERCULOS,N (1),NOT NULL,,
25,alim17_3,ALIM17_3,DIAS_COMIERON_VERDURAS,N (1),NOT NULL,,
26,alim17_4,ALIM17_4,DIAS_COMIERON_FRUTAS,N (1),NOT NULL,,
27,alim17_5,ALIM17_5,DIAS_COMIERON_CARNE,N (1),NOT NULL,,
28,alim17_6,ALIM17_6,DIAS_COMIERON_HUEVO,N (1),NOT NULL,,
29,alim17_7,ALIM17_7,DIAS_COMIERON_PESCADO,N (1),NOT NULL,,
30,alim17_8,ALIM17_8,DIAS_COMIERON_LEGUMINOSAS,N (1),NOT NULL,,
31,alim17_9,ALIM17_9,DIAS_COMIERON_LACTEOS,N (1),NOT NULL,,
32,alim17_10,ALIM17_10,DIAS_COMIERON_ACEITES,N (1),NOT NULL,,
33,alim17_11,ALIM17_11,DIAS_COMIERON_AZUCAR,N (1),NOT NULL,,
34,alim17_12,ALIM17_12,DIAS_COMIERON_OTROS_ALIM,N (1),NOT NULL,,
35,acc_alim18,ALIM18,RELACION_CONSUMO,C (1),NOT NULL,,
,,,,,1,Igual,
,,,,,2,Mayor,
,,,,,3,Menor,
36,telefono,SERV_1,LINEA_TELEFONICA_FIJA,C (1),NOT NULL,,
,,,,,1,Sí,
,,,,,2,No,
37,celular,SERV_2,TELEFONO_CELULAR,C (1),NOT NULL,,
,,,,,1,Sí,
,,,,,2,No,
38,tv_paga,SERV_3,TELEVISION_PAGA,C (1),NOT NULL,,
,,,,,1,Sí,
,,,,,2,No,
39,conex_inte,SERV_4,CONEXION_INTERNET,C (1),NOT NULL,,
,,,,,1,Sí,
,,,,,2,No,
40,num_auto,VEHI1_N,NUMERO_AUTMOVILES,N (2),NOT NULL,,el valor &  proveniente de validación se reemplaza por -1
41,anio_auto,VEHI1_A,AÑO_ULTIMO_AUTOMOVIL,C (2),NULL,,el valor &  proveniente de validación se etiqueta como “no especificado” o “perdido por el usuario”
42,num_van,VEHI2_N,NUMERO_CAMIONETAS_VAN,N (2),NOT NULL,,
43,anio_van,VEHI2_A,AÑO_ULTIMA_CAMIONETA_VAN,C (2),NULL,,el valor &  proveniente de validación se etiqueta como “no especificado” o “perdido por el usuario”
44,num_pickup,VEHI3_N,NUMERO_PICKUP,N (2),NOT NULL,,
45,anio_pickup,VEHI3_A,AÑO_ULTIMA_PICKUP,C (2),NULL,,el valor &  proveniente de validación se etiqueta como “no especificado” o “perdido por el usuario”
46,num_moto,VEHI4_N,NUMERO_MOTOCICLETAS,N (2),NOT NULL,,
47,anio_moto,VEHI4_A,AÑO_ULTIMA_MOTOCICLETA,C (2),NULL,,el valor &  proveniente de validación se etiqueta como “no especificado” o “perdido por el usuario”
48,num_bici,VEHI5_N,NUMERO_BICICLETAS,N (2),NOT NULL,,el valor &  proveniente de validación se reemplaza por -1
49,anio_bici,VEHI5_A,AÑO_ULTIMA_BICICLETA,C (2),NULL,,el valor &  proveniente de validación se etiqueta como “no especificado” o “perdido por el usuario”
50,num_trici,VEHI6_N,NUMERO_TRICICLOS,N (2),NOT NULL,,
51,anio_trici,VEHI6_A,AÑO_ULTIMO_TRICICLO,C (2),NULL,,el valor &  proveniente de validación se etiqueta como “no especificado” o “perdido por el usuario”
52,num_carret,VEHI7_N,NUMERO_CARRETAS,N (2),NOT NULL,,
53,anio_carret,VEHI7_A,AÑO_ULTIMA_CARRETA,C (2),NULL,,el valor &  proveniente de validación se etiqueta como “no especificado” o “perdido por el usuario”
54,num_canoa,VEHI8_N,NUMERO_CANOAS,N (2),NOT NULL,,
55,anio_canoa,VEHI8_A,AÑO_ULTIMA_CANOA,C (2),NULL,,el valor &  proveniente de validación se etiqueta como “no especificado” o “perdido por el usuario”
56,num_otro,VEHI9_N,NUMERO_OTRO_VEHICULO,N (2),NOT NULL,,
57,anio_otro,VEHI9_A,AÑO_ULTIMO_OTRO_VEHICULO,C (2),NULL,,el valor &  proveniente de validación se etiqueta como “no especificado” o “perdido por el usuario”
58,num_ester,EQH1_N,NUM_ESTEREO_HOGAR,N (2),NOT NULL,,el valor &  proveniente de validación se reemplaza por -1
59,anio_ester,EQH1_A,AÑO_ULTIMO_ESTEREO,C (2),NULL,,el valor &  proveniente de validación se etiqueta como “no especificado” o “perdido por el usuario”
60,num_grab,EQH2_N,NUM_GRABADORA_HOGAR,N (2),NOT NULL,,el valor &  proveniente de validación se reemplaza por -1
61,anio_grab,EQH2_A,AÑO_ULTIMA_GRABADORA,C (2),NULL,,el valor &  proveniente de validación se etiqueta como “no especificado” o “perdido por el usuario”
62,num_radio,EQH3_N,NUM_RADIO_HOGAR,N (2),NOT NULL,,el valor &  proveniente de validación se reemplaza por -1
63,anio_radio,EQH3_A,AÑO_ULTIMO_RADIO,C (2),NULL,,el valor &  proveniente de validación se etiqueta como “no especificado” o “perdido por el usuario”
64,num_tva,EQH4_N,NUM_TV_ANALOGA_HOGAR,N (2),NOT NULL,,el valor &  proveniente de validación se reemplaza por -1
65,anio_tva,EQH4_A,AÑO_ULTIMA_TV_ANALOGA,C (2),NULL,,el valor &  proveniente de validación se etiqueta como “no especificado” o “perdido por el usuario”
66,num_tvd,EQH5_N,NUM_TV_DIGITAL_HOGAR,N (2),NOT NULL,,el valor &  proveniente de validación se reemplaza por -1
67,anio_tvd,EQH5_A,AÑO_ULTIMA_TV_DIGITAL,C (2),NULL,,el valor &  proveniente de validación se etiqueta como “no especificado” o “perdido por el usuario”
68,num_dvd,EQH6_N,NUM_DVD_HOGAR,N (2),NOT NULL,,el valor &  proveniente de validación se reemplaza por -1
69,anio_dvd,EQH6_A,AÑO_ULTIMO_DVD,C (2),NULL,,el valor &  proveniente de validación se etiqueta como “no especificado” o “perdido por el usuario”
70,num_video,EQH7_N,NUM_VIDEO_HOGAR,N (2),NOT NULL,,el valor &  proveniente de validación se reemplaza por -1
71,anio_video,EQH7_A,AÑO_ULTIMO_VIDEO,C (2),NULL,,el valor &  proveniente de validación se etiqueta como “no especificado” o “perdido por el usuario”
72,num_licua,EQH8_N,NUM_LICUADORA_HOGAR,N (2),NOT NULL,,el valor &  proveniente de validación se reemplaza por -1
73,anio_licua,EQH8_A,AÑO_ULTIMA_LICUADORA,C (2),NULL,,el valor &  proveniente de validación se etiqueta como “no especificado” o “perdido por el usuario”
74,num_tosta,EQH9_N,NUM_TOSTADOR_HOGAR,N (2),NOT NULL,,el valor &  proveniente de validación se reemplaza por -1
75,anio_tosta,EQH9_A,AÑO_ULTIMO_TOSTADOR,C (2),NULL,,el valor &  proveniente de validación se etiqueta como “no especificado” o “perdido por el usuario”
76,num_micro,EQH10_N,NUM_HORNOS_MICROH_HOGAR,N (2),NOT NULL,,el valor &  proveniente de validación se reemplaza por -1
77,anio_micro,EQH10_A,AÑO_ADQUIRIO_HORNO_MICROH,C (2),NULL,,el valor &  proveniente de validación se etiqueta como “no especificado” o “perdido por el usuario”
78,num_refri,EQH11_N,NUM_REFRIGERADOR_HOGAR,N (2),NOT NULL,,el valor &  proveniente de validación se reemplaza por -1
79,anio_refri,EQH11_A,AÑO_ADQUIRIO_REFRIGERADOR,C (2),NULL,,el valor &  proveniente de validación se etiqueta como “no especificado” o “perdido por el usuario”
80,num_estuf,EQH12_N,NUM_ESTUFAS_GAS_HOGAR,N (2),NOT NULL,,el valor &  proveniente de validación se reemplaza por -1
81,anio_estuf,EQH12_A,AÑO_ULTIMA_ESTUFA_GAS,C (2),NULL,,el valor &  proveniente de validación se etiqueta como “no especificado” o “perdido por el usuario”
82,num_lavad,EQH13_N,NUMERO_LAVADORAS_HOGAR,N (2),NOT NULL,,el valor &  proveniente de validación se reemplaza por -1
83,anio_lavad,EQH13_A,AÑO_ADQUIRIO_ULTIMA_LAVADORA,C (2),NULL,,el valor &  proveniente de validación se etiqueta como “no especificado” o “perdido por el usuario”
84,num_planc,EQH14_N,NUMERO_PLANCHAS_HOGAR,N (2),NOT NULL,,el valor &  proveniente de validación se reemplaza por -1
85,anio_planc,EQH14_A,AÑO_ADQUIRIO_ULTIMA_PLANCHA,C (2),NULL,,el valor &  proveniente de validación se etiqueta como “no especificado” o “perdido por el usuario”
86,num_maqui,EQH15_N,NUM_MAQUI_COSER_HOGAR,N (2),NOT NULL,,el valor &  proveniente de validación se reemplaza por -1
87,anio_maqui,EQH15_A,AÑO_ADQUIRIO_MAQUI_COSER,C (2),NULL,,el valor &  proveniente de validación se etiqueta como “no especificado” o “perdido por el usuario”
88,num_venti,EQH16_N,NUM_VENTILADORES_HOGAR,N (2),NOT NULL,,el valor &  proveniente de validación se reemplaza por -1
89,anio_venti,EQH16_A,AÑO_ADQUIRIO_VENTILADOR,C (2),NULL,,el valor &  proveniente de validación se etiqueta como “no especificado” o “perdido por el usuario”
90,num_aspir,EQH17_N,NUM_ASPIRADORA_HOGAR,N (2),NOT NULL,,el valor &  proveniente de validación se reemplaza por -1
91,anio_aspir,EQH17_A,AÑO_AQUIRIO_ULTIMA_ASPIRADORA,C (2),NULL,,el valor &  proveniente de validación se etiqueta como “no especificado” o “perdido por el usuario”
92,num_compu,EQH18_N,NUM_COMPUTADORA_HOGAR,N (2),NOT NULL,,el valor &  proveniente de validación se reemplaza por -1
93,anio_compu,EQH18_A,AÑO_ADQUIRIO_COMPUTADORA,C (2),NULL,,el valor &  proveniente de validación se etiqueta como “no especificado” o “perdido por el usuario”
94,num_impre,EQH19_N,NUM_IMPRESORAS_HOGAR,N (2),NOT NULL,,el valor &  proveniente de validación se reemplaza por -1
95,anio_impre,EQH19_A,AÑO_ADQUIRIO_IMPRESORA,C (2),NULL,,el valor &  proveniente de validación se etiqueta como “no especificado” o “perdido por el usuario”
96,num_juego,EQH20_N,NUM_JUEGOS_HOGAR,N (2),NOT NULL,,el valor &  proveniente de validación se reemplaza por -1
97,anio_juego,EQH20_A,AÑO_ADQUIRIO_JUEGO,C (2),NULL,,el valor &  proveniente de validación se etiqueta como “no especificado” o “perdido por el usuario”
98,esc_radio,ESC_RADIO,ESCUCHAN_RADIO,C (1),NULL,,
,,,,,1,Sí,
,,,,,2,No,
99,er_aparato,MEDRADIO_1,ESC_RADIO_APARATO_FISICO,C (1),NULL,,
,,,,,1,Aparato físico,
100,er_celular,MEDRADIO_2,ESC_RADIO_CELULAR,C (1),NULL,,
,,,,,2,Teléfono celular,
101,er_compu,MEDRADIO_3,ESC_RADIO_COMPUTADORA,C (1),NULL,,
,,,,,3,Computadora,
102,er_aplicac,MEDRADIO_4,ESC_RADIO_APLICACION,C (1),NULL,,
,,,,,4,Aplicación,
103,er_tv,MEDRADIO_5,ESC_RADIO_TV,C (1),NULL,,
,,,,,5,Televisión,
104,er_otro,MEDRADIO_6,ESC_RADIO_OTRO,C (1),NULL,,
,,,,,6,Otro,
105,recib_tvd,TVDIGITAL,RECIBIO_TV_DIGITAL,C (1),NULL,,
,,,,,1,Sí,
,,,,,2,No,
106,tsalud1_h,TSALUD1_H,HORAS_LLEGAR_HOSPITAL,N (2),NULL,,
107,tsalud1_m,TSALUD1_M,MINUTOS_LLEGAR_HOSPITAL,N (2),NULL,,
108,habito_1,HABITO_1,COMPRAS_CADA_MES,C (1),NULL,,
,,,,,1,Cada mes,
109,habito_2,HABITO_2,COMPRAS_CADA_QUINCENA,C (1),NULL,,
,,,,,2,Cada 15 días,
110,habito_3,HABITO_3,COMPRAS_CADA_SEMANA,C (1),NULL,,
,,,,,3,Cada 8 días,
111,habito_4,HABITO_4,COMPRAS_CADA_TERCER_DIA,C (1),NULL,,
,,,,,4,Cada tercer día,
112,habito_5,HABITO_5,COMPRAS_DIARIAS,C (1),NULL,,
,,,,,5,Diariamente,
113,habito_6,HABITO_6,COMPRAS_OTRO,C (1),NULL,,
,,,,,6,Otros,
114,consumo,CONSUMO,COMPRA_ALIMENTOS,C (1),NULL,,
,,,,,1,Sí,
,,,,,2,No,
115,nr_viv,NR_VIV,VIVIENDA_RECIBE_PRESTACION,C (2),NULL,,
116,tarjeta,TARJETA,TARJETA_BANCARIA,C (1),NULL,,
,,,,,1,Sí,
,,,,,2,No,
117,pagotarjet,PAGOTARJETA,PAGO_ALIMENTOS_TARJETA,C (1),NULL,,
,,,,,1,Sí,
,,,,,2,No,
118,regalotar,REGALOTAR,REGALOS_PAGADOS_TARJETA,C (1),NULL,,
,,,,,1,Sí,
,,,,,2,No,
119,regalodado,REGALODADO,REGALOS_NO_FAMILIAR,C (1),NULL,,
,,,,,1,Sí,
,,,,,2,No,
120,autocons,AUTOCONS,AUTOCONSUMO,C (1),NULL,,
,,,,,1,Sí,
,,,,,2,No,
121,regalos,REGALOS,REGALOS_RECIBIDOS,C (1),NULL,,
,,,,,1,Sí,
,,,,,2,No,
122,remunera,REMUNERA,REMUNERACIONES,C (1),NULL,,
,,,,,1,Sí,
,,,,,2,No,
123,transferen,TRANSFEREN,TRANSFERENCIAS,C (1),NULL,,
,,,,,1,Sí,
,,,,,2,No,
124,parto_g,PARTO_G,GASTO_PARTO,C (1),NULL,,
,,,,,1,Sí,
,,,,,2,No,
125,embarazo_g,EMBARAZO_G,SEFVICIOS_MEDICOS_PARTO,C (1),NULL,,
,,,,,1,Sí,
,,,,,2,No,
126,negcua,NEGCUA,NEGOCIOS_HOGAR,C (1),NULL,,
,,,,,1,Sí,
,,,,,2,No,
127,est_alim,EST_ALIM,ESTIMACION_GASTOS_ALIMENTOS,N (9),NULL,,"Estimación del gasto mensual en alimentos, bebidas y tabaco consumidos dentro y fuera de casa."
128,est_trans,EST_TRANS,ESTIMACION_GASTOS_TRANSPORTE,N (9),NULL,,Estimación del gasto mensual en transporte público.
129,bene_licon,B_LICON,BENEFICIARIO_LICONSA,C (1),NULL,,
,,,,,1,Sí,
,,,,,2,No,
130,cond_licon,CON_LICON,OTORGA_CONDICIONADO_LICONSA,C (1),NULL,,
,,,,,1,Sí,
,,,,,2,No,
131,lts_licon,LTS_LICON,ESTIMACION_LECHE_LICONSA,C (1),NULL,,
,,,,,1,4 litros,
,,,,,2,8 litros,
,,,,,3,12 litros,
,,,,,4,16 litros,
,,,,,5,20 litros,
,,,,,6,24 litros,
,,,,,7,Otro,
132,otros_lts,LTS_D,OTRA_CANTIDAD_LICONSA,N (2),NULL,,
133,diconsa,DICONSA,TIENDA_DICONSA,C (1),NULL,,
,,,,,1,Sí,
,,,,,2,No,
,,,,,3,No sabe,
134,frec_dicon,FREC_DICON,FRECUENCIA_COMPRA_DICONSA,C (1),NULL,,
,,,,,1,Siempre,
,,,,,2,A vecez,
,,,,,3,Nunca,
135,cond_dicon,CON_DICON,VENTA_CONDICIONADA_DICONSA,C (1),NULL,,
,,,,,1,Sí,
,,,,,2,No,
136,pago_dicon,PAG_DICON,GASTO_SEMANA_DICONSA,C (1),NULL,,
,,,,,1,50 pesos,
,,,,,2,100 pesos,
,,,,,3,150 pesos,
,,,,,4,200 pesos,
,,,,,5,250 pesos,
,,,,,7,Otro,
137,otro_pago,PAG_D,OTROS_PAGO_DICONSA,N (3),NULL,,
