﻿nvo_prog,descripcion
"2001","Sembrando Vida"
"2002","Sembrando Vida"
"2003","Tandas para el Bienestar (Microcréditos para el Bienestar)"
"2004","Tandas para el Bienestar (Microcréditos para el Bienestar)"
"2005","Agromercados Sociales y Sustentables"
"2006","Agromercados Sociales y Sustentables"
"2007","Precios de Garantía a Productos Alimentarios Básicos"
"2008","Precios de Garantía a Productos Alimentarios Básicos"
"2009","Crédito Ganadero a la Palabra"
"2010","Crédito Ganadero a la Palabra"
"2011","Nacional de Fertilizantes"
"2012","Nacional de Fertilizantes"
"2013","Desarrollo Rural"
"2014","Desarrollo Rural"
"2015","Otros programas sociales"
"2016","Otros programas sociales"