﻿productoagricola,descripcion
"001","Acelga"
"002","Achiote"
"003","Aguacate"
"004","Aguamiel; agave alcoholero, pulquero, azul, mezcalero"
"005","Ajo"
"006","Ajonjolí"
"007","Albahaca"
"008","Alverjón"
"009","Alcachofa"
"010","Alfalfa"
"011","Algarrobas"
"012","Algodón"
"013","Almendra"
"014","Alpiste"
"015","Amapa (árbol de ornato)"
"016","Amaranto"
"017","Amargoso, amargones"
"018","Amarillo"
"019","Anona, ilama"
"020","Apio"
"021","Árboles de ornato (todas las especies), trueno, de navidad"
"022","Árboles frutales (naranjo, manzano, almendro, algarrobo, granado, guayabo, higuera, olivo)"
"023","Arrayán"
"024","Arroz (todas las especies)"
"025","Avellana"
"026","Avena, avena achicalada (todas las especies)"
"027","Bari (árbol maderable)"
"028","Berenjena"
"029","Berro"
"030","Betabel"
"031","Bojon"
"032","Brócoli"
"033","Cacao"
"034","Cacate (árbol agrícola)"
"035","Cacahuate"
"036","Cacahuananche"
"037","Café"
"038","Caimito"
"039","Calabacita"
"040","Calabaza de castilla"
"041","Camote"
"042","Janamargo"
"043","Canela"
"044","Caña de azúcar"
"045","Capulín"
"046","Carizo"
"047","Castaña"
"048","Cebada"
"049","Cebolla, cebollino (todas las especies)"
"050","Centeno"
"051","Cereza"
"052","Cidra"
"053","Cigoña"
"054","Cilantro"
"055","Ciruela (todas las especies), excepto jobo o jocote"
"056","Coco, copra, cáscara"
"057","Cocoite"
"058","Col o repollo"
"059","Coliflor"
"060","Colinabo"
"061","Comba"
"062","Comino"
"063","Coquito de aceite"
"064","Cornequile (fruto)"
"065","Coyol (planta ornamental)"
"066","Cuajinicuil, guajinocuil (fruto)"
"067","Chabacano"
"068","Chacaj, chakaj (planta de ornato)"
"069","Chacte (planta ornamental)"
"070","Chalcahuite (fruto)"
"071","Chayote"
"072","Chechen"
"073","Chicozapote"
"074","Chícharo (chicharillo)"
"075","Chiche"
"076","Chihua"
"077","Chijol (ornamental)"
"078","Chilacayote"
"079","Chile (todas las especies), pimiento morrón"
"080","Chinin (fruto)"
"081","Chipilín"
"082","Chirimoya"
"083","Chunkuy"
"084","Dátil"
"085","Durazno"
"086","Ebo"
"087","Ejote"
"088","Elote"
"089","Epazote"
"090","Espelón (frijol)"
"091","Espinaca"
"092","Espino (ornato)"
"093","Espiga escobera"
"094","Eucalipto"
"095","Flores, plantas de ornato (todas las especies)"
"096","Frambuesa"
"097","Fresa"
"098","Frijol (todas las especies), excepto espelón, ibes"
"099","Ganchan"
"100","Garbanzo (todos los tipos)"
"101","Girasol (todas las especies), maíz de teja, gigantones"
"102","Granada china"
"103","Granadilla (fruto)"
"104","Granada"
"105","Guacima"
"106","Guaje"
"107","Guamuchil"
"108","Guanábana"
"109","Guanacaste"
"110","Guaciban"
"111","Guaya"
"112","Guayaba"
"113","Guayabillo"
"114","Guinole"
"115","Haba"
"116","Henequén"
"117","Hierbabuena, yerbabuena (hierbas y plantas medicinales)"
"118","Higo"
"119","Hoja de plátano"
"120","Hoja de maíz"
"121","Hormiguillo"
"122","Huazontle"
"123","Hule"
"124","Ibes (frijol)"
"125","Jamaica"
"126","Jícama"
"127","Jobo. jocote (tipo ciruela)"
"128","Kitamche (ornamental)"
"129","Lalitalia"
"130","Lechuga (todas las especies)"
"131","Lenteja"
"132","Lima"
"133","Limón, limón real"
"134","Lirio zotolero"
"135","Litchi"
"136","Lúpulo, lupinos"
"137","Macal, mapal (tubérculo)"
"138","Machiche (ornamental)"
"139","Maguey, lechuguilla, candelilla (todas las especies)"
"140","Maíz (todas las especies), excepto forrajero"
"141","Maíz forrajero"
"142","Malvón (ornamental)"
"143","Mamey"
"144","Mandarina"
"145","Mangle"
"146","Mango"
"147","Manto (ornamental)"
"148","Manzana"
"149","Marañón (nuez de la india)"
"150","Mariguana"
"151","Mata rata (leguminosa)"
"152","Melón (chino y verde)"
"153","Membrillo"
"154","Mezquite"
"155","Milo"
"156","Mora"
"157","Nabo"
"158","Nanche, nances"
"159","Naranja (todas las especies)"
"160","Níspero"
"161","Nopal"
"162","Nuez (todas las variedades)"
"163","Ocotillo, ocote"
"164","Oliva (aceitunas)"
"165","Orégano"
"166","Paja"
"167","Palma (árbol de coco o datilera)"
"168","Palma de Jipi (jipijapa)"
"169","Palmillas (planta de ornato)"
"170","Papa"
"171","Pápalo"
"172","Papaya"
"173","Pasto, zacate (todas las especies)"
"174","Pepino, pepinillo"
"175","Pepita de castilla"
"176","Pera"
"177","Perejil"
"178","Perón"
"179","Persimonio (fruto)"
"180","Pesota"
"181","Piapi"
"182","Pimienta"
"183","Piñón"
"184","Piña"
"185","Pipián (calabaza)"
"186","Pitaya"
"187","Plátano, platanillo, banano"
"188","Popistle (árbol)"
"189","Poro, puerro"
"190","Pucte (ornamental)"
"191","Quebrache, quebracho (árbol ornamental)"
"192","Quelite, quintonil"
"193","Rábano (todas las especies)"
"194","Rastrojo o forraje (maíz, frijol, trigo, cebada)"
"195","Remolacha"
"196","Romeritos"
"197","Sábila"
"198","Sandia"
"199","Semilla de calabaza"
"200","Sorgo (todas las especies), excepto milo"
"201","Soya (todas las especies)"
"202","Tabaco"
"203","Tamarindo"
"204","Tangerina"
"205","Táscate (sabino maderable)"
"206","Tazol (rastrojo)"
"207","Tejocote"
"208","Tenaza (ornamental)"
"209","Tepehuaje (árbol)"
"210","Tepemezquite (árbol)"
"211","Tomate rojo (jitomate)"
"212","Tomate verde (tomatillo, tomate de hoja, miltomate)"
"213","Toronja"
"214","Trébol"
"215","Trigo (todas las especies)"
"216","Tuna (todas las especies), excepto xoconostle"
"217","Uva (todas las especies)"
"218","Vainilla"
"219","Venadillo (planta medicinal)"
"220","Verdolaga"
"221","Viznaga, biznaga"
"222","Xoconostle"
"223","Xpelón (vaina) (frijol)"
"224","Yiomipero"
"225","Yuca, guacamontes"
"226","Zanahoria"
"227","Zapote"
"228","Zaramullo"
"229","Otros productos agrícolas: chaya, manzanilla, otate, cártamo (todas las especies), canola, linaza, higuerilla, colza, jojoba, mijo, hinojo, pistache, arándano, enebro, pasiflora, rambután, zarzamora, hongos, germinados, anís, chía, clavo, mostaza, cardamomo, hojasanta, jengibre, mejorana, menta, pericón, romero, tomillo, toronjil, maple, algas"
"237","Abejas"
"238","Ardillas"
"239","Avestruz"
"240","Becerros(as)"
"241","Borrego, carnero, oveja"
"242","Burros, asnos"
"243","Caballos"
"244","Cabras, cabrón, chivas(os)"
"245","Canarios"
"246","Cerdos (puercos, marranos)"
"247","Codorniz"
"248","Conejos"
"249","Cordero"
"250","Gallinas"
"251","Gallos"
"252","Perros (todas las especies), incluye galgos"
"253","Gansos"
"254","Guajolote (totol, pavo, güilo)"
"255","Guacamaya, loro, loro ninfa"
"256","Iguana, camaleón"
"257","Mulas(os)"
"258","Novillos"
"259","Palomas (pichones)"
"260","Patos"
"261","Pericos australianos"
"262","Pollitos, polluelos"
"263","Pollos(as)"
"264","Potranca, potras"
"265","Potrillos, potros"
"266","Terneras"
"267","Toros o buey"
"268","Vacas"
"269","Vaquillas"
"270","Venados"
"271","Yeguas"
"272","Acuicultura: Especies marinas en espacios controlados; tortugas, peces, camarón, truchas, abulón, almejas, anfibios, charales, crustáceos, etcétera"
"273","Pollinos (burro pequeño), borricos"
"274","Cabritos(as), chivatos"
"275","Lechones"
"276","Cóconos, koconito"
"277","Otros animales de cría y explotación: pavo real, emúes, faisán, chinchilla, zorro, nutrias, águilas, alacranes, serpientes, caracoles, ratones, cervato (cría de venado), codornizo (cría de codorniz), gazapo (cría de conejo)"
"278","Cera de abeja"
"279","Huevo de gallina"
"280","Huevo (otras especies)"
"281","Jalea real"
"282","Lana"
"283","Leche de cabra"
"284","Leche de vaca"
"285","Leche de burra"
"286","Miel"
"287","Morcilla"
"288","Otras carnes (iguana, venado, etcétera)"
"289","Pieles (zalea)"
"290","Plumas"
"291","Polen"
"292","Propóleo"
"293","Orín"
"294","Estiércol (lama, abono, gallinaza, pollinaza, excremento)"
"295","Otros productos derivados: pelo, veneno, semen"
"326","Abedul"
"327","Abeto, oyamel, oyamal, pinabeto, sapino"
"328","Acahuite"
"329","Acalote"
"330","Ahuehuete, sabino, ciprés del río"
"331","Álamo, álamo blanco, álamo temblón, alamillo, álamo negro, chopo"
"332","Algodoncillo, masagna, manzanillo"
"333","Amapa, hormiguillo, nopa, nopotaperte"
"334","Amargoso, tinco"
"335","Arrayán, murta"
"336","Ayacahuite"
"337","Bambú"
"338","Barbasco"
"339","Bojón, calche, chacbojón"
"340","Borcina, tatúan"
"341","Cacahuananche, madre del cacao, cocoite, mataraton"
"342","Calaguate, jolonchón, jonote, corcho"
"343","Campeche, campechilla, palo de campeche, tinto"
"344","Canelo, lila paraíso"
"345","Canistel, canisthe"
"346","Candelilla"
"347","Caoba, caracolillo, cubano"
"348","Capulín, agüilote"
"349","Carbón"
"350","Carrizo, caneta, cisco, cañavera, tisca"
"351","Castaño, zaino"
"352","Cazahuante, patancán blanco, palo muerto"
"353","Cera (todo tipo)"
"354","Cedro"
"355","Ceiba, pochota, papoc, masmate, nulato, piocha, chacah, palo colorado"
"356","Cenceno"
"357","Cerón"
"358","Ciprés"
"359","Chacahuante, chacahuanate"
"360","Chacán, chakah"
"361","Chacte, cencerro, machiche, huesillo"
"362","Chalcahuite, chalahuite"
"363","Chechen, chech chech, chectén, cheche negro, kabal chechén"
"364","Chicozapote, chico, zapotechico, chicle"
"365","Chiche, chiche colorado, pelmax ballester, volador"
"366","Chijol"
"367","Chipilcoite, palo amarillo, guachipilin"
"368","Chucumpun, chucum blanco, chacum blanco, chukum"
"369","Chulul, granadillo"
"370","Cocoite"
"371","Colorín, pitol pato, chacmolche"
"372","Conchi"
"373","Condo, tronadora, trompeta, retama, palo de arco"
"374","Condor"
"375","Corcho negro, palo de chambo, palo de zope, zope"
"376","Conlote, constan, sombrerete"
"377","Coyol, cozol, ciricote, siricote, coyoles, coyolitos"
"378","Cuayacán, enebro"
"379","Cucharilla, cuchayilla"
"380","Cueramo"
"381","Cuyitatsuic, cuyta"
"382","Ébano"
"383","Encino, cuercus"
"384","Epazote, epazote de zorrillo"
"385","Eucalipto"
"386","Fresno"
"387","Garambullo, borracho"
"388","Guacamayo, hualamayo"
"389","Guácimo, guazuma"
"390","Guajillo"
"391","Guayabo"
"392","Guayacán"
"393","Guayaco, Guayana, vayan guayo"
"394","Guinole, bonolo ginolo, humole guinol, totolcan"
"395","Habia"
"396","Haya"
"397","Hierbabuena, yerbabuena (hierbas y plantas medicinales), gelantrina, aceitilla, tapacola, árnica"
"398","Horcón"
"399","Hule"
"400","Jaboncillo, tecón, alzapina, hojancho"
"401","Jaral"
"402","Jobillo"
"403","Jobo"
"404","Katalox, corazón azul"
"405","Kitanche, kimtache, xitanche, quitinchel"
"406","Latex"
"407","Leña"
"408","Lechuguilla"
"409","Linaloe, alo, aloe linalo"
"410","Lobo, ciruela marina"
"411","Luín cuerillo"
"412","Llite, aile, aliso"
"413","Llora sangre, palo sangre"
"414","Madroño, chiño"
"415","Machiche"
"416","Maluco, jagua"
"417","Maple"
"418","Mezquite, ingerto huizache"
"419","Monto, manto"
"420","Morado, moradito"
"421","Muchite, guamúchil, huamúchil"
"422","Negral"
"423","Nogal"
"424","Nopal"
"425","Ocatillo"
"426","Olmo"
"427","Otate, palo de otate"
"428","Palo cuate"
"429","Palo de agua"
"430","Palo de bálsamo"
"431","Palo de brasil"
"432","Palo de mujer"
"433","Palo de rosa"
"434","Palo fierro"
"435","Palo frío"
"436","Palo santo, de castilla"
"437","Palo tierno"
"438","Palma"
"439","Parota"
"440","Pasak, aceituna"
"441","Perlilla, raíz"
"442","Pimienta, pimienta gorda"
"443","Pingüica, manzanita"
"444","Pino, ocote"
"445","Pinzón, pinzo"
"446","Pirul"
"447","Plancha de pino"
"448","Popiste"
"449","Primavera"
"450","Pucte, pukjte, pukte"
"451","Plumajillo, plumagio"
"452","Quebracho, pipín rosadillo"
"453","Resina, brea, savia"
"454","Roble"
"455","Sauce, sauz"
"456","Sicomoro"
"457","Tabaxche, tabche, mangle negro, tabachines"
"458","Tarro"
"459","Teca"
"460","Tehuixtle, tehuiztle, matamuchacho, zubil boliche"
"461","Tenaza"
"462","Tepehualate, petehucate"
"463","Tepehuaje"
"464","Tepezcohuite"
"465","Tereza, limoncillo, uña de gato"
"466","Trompeta, guarambo, guarurno"
"467","Tulipán de la india, tulipán africano, cedro africano, caoba santo domingo"
"468","Tzalánm, zalán zalami"
"469","Volador, palo de zopilote, palo hediondo"
"470","Xuul, shuui"
"471","Yavito, yayito"
"472","Zarzafra, zarza, zarzaparrilla"
"473","Otros productos: hoja de plátano, plátano, mangos, zapotes, flores, raíz de zacaton ramon, shuega, calabacita, berro, quelite, piñón, xonocostle, gualumbos, aguamiel, hongos, orégano, tuna, tierra para macetas, rizomas, ciruelo, naranjas, pitaya, acacia, almendros, amapolas, tintas, musgo"
"478","Abadejo"
"479","Abulón"
"480","Acamaya"
"481","Acosil, acosili"
"482","Ajolote"
"483","Albacora"
"484","Garbanzo"
"485","Almeja (todas las especies)"
"486","Anguilas"
"487","Angulas"
"488","Armado"
"489","Atún (todas las especies)"
"490","Azante"
"491","Bacalao"
"492","Bagre"
"493","Bandera"
"494","Baqueta"
"495","Barrilete"
"496","Berrugata"
"497","Besugo"
"498","Bocona"
"499","Bonito"
"500","Botete"
"501","Cabezona"
"502","Cabrilla"
"503","Calamares"
"504","Camarón (todas las especies)"
"505","Cangrejo"
"506","Caracol"
"507","Carito"
"508","Catán"
"509","Carpa"
"510","Cayo de hacha"
"511","Cazón"
"512","Chac-chi"
"513","Charal, charales"
"514","Charo"
"515","Chema"
"516","Chihuil"
"517","Chile"
"518","Chimicuil"
"519","Chocolupa"
"520","Chopa"
"521","Chucumite"
"522","Cochito"
"523","Cocinero"
"524","Cojinuda"
"525","Cornuda"
"526","Constantino"
"527","Corvina"
"528","Croca"
"529","Cuatete"
"530","Cubera"
"531","Curvina"
"532","Curel"
"533","Dorado"
"534","Erizo"
"535","Esmedregal"
"536","Esponja"
"537","Estrella de mar, equinodermata"
"538","Guachinango, huachinango"
"539","Guapote"
"540","Hipocampo (caballo de mar)"
"541","Jaiba"
"542","Juile"
"543","Jurel"
"544","Langosta"
"545","Langostino"
"546","Lebroncha"
"547","Lenguado"
"548","Lisa"
"549","Lobina"
"550","Loro"
"551","Lubia"
"552","Malacapa"
"553","Manjua"
"554","Manta"
"555","Mantarraya"
"556","Marlín"
"557","Merluza"
"558","Mero"
"559","Mojarra"
"560","Molusco"
"561","Ostión"
"562","Paloma"
"563","Palometa"
"564","Pámpano"
"565","Papelillo"
"566","Pargo"
"567","Pata de mula"
"568","Pejelagarto"
"569","Perro"
"570","Pescado blanco"
"571","Peto"
"572","Pez vela o espada"
"573","Pierna"
"574","Pigua"
"575","Pijolin"
"576","Pinta"
"577","Popote"
"578","Popoyote"
"579","Pulpo"
"580","Rana"
"581","Rasposo"
"582","Ratón"
"583","Raya"
"584","Róbalo"
"585","Roncacho"
"586","Roneo"
"587","Rubina"
"588","Sabalote sábalo"
"589","Salmón (todas las especies)"
"590","Sardina (todas las especies)"
"591","Sargo (todas las especies)"
"592","Sierra"
"593","Tiburón (todas las especies), excepto cazón"
"594","Tilapia, pilapia"
"595","Tortuga (todas las especies)"
"596","Trucha"
"597","Tuna"
"598","Viejita"
"599","Villajaiba"
"600","Otros productos de pesca: boquinete, ancho vela, jueche, caballas, callos, coral, delfín, payasos, vaquitas"
"610","Alacranes"
"611","Ardillas, ardillón, tachalota"
"612","Armadillos"
"613","Aves (todas las especies), excepto palomas"
"614","Bobo"
"615","Burro"
"616","Chacal"
"617","Chapulines"
"618","Escamel"
"619","Gusanos de maguey"
"620","Huevina"
"621","Huevo de tortuga"
"622","Iguanas"
"623","Jabalí"
"624","Jacubo, jacú"
"625","Liebres, conejos"
"626","Mono araña, zasaguate, aullador"
"627","Paloma"
"628","Pulgones"
"629","Ratas, magueyeras, nopaleras"
"630","Ratón"
"631","Sandejas"
"632","Sigua"
"633","Tejón"
"634","Tortuga (todas las especies)"
"635","Tuza"
"636","Venado"
"637","Víboras (todas las especies)"
"638","Otros animales: lagartos, tepezcuintles, zorrillos, mapaches, ajolotes, salamandras, arañas, ranas, hormigas"