﻿ingresos_cat,descripcion
"P001","Sueldos, salarios o jornal"
"P002","Destajo"
"P003","Comisiones y propinas"
"P004","Horas extras"
"P005","Incentivos, gratificaciones o premios"
"P006","Bono, percepción adicional o sobresueldo"
"P007","Primas vacacionales y otras prestaciones en dinero"
"P008","Reparto de utilidades del ejercicio 2017"
"P009","Aguinaldo del ejercicio 2017"
"P011","Sueldos o salarios"
"P012","Ganancias/utilidades"
"P013","Otros ingresos"
"P014","Monto recibido en el trabajo secundario"
"P015","Reparto de utilidades del ejercicio 2017"
"P016","Aguinaldo del ejercicio 2017"
"P018","Sueldos o salarios"
"P019","Ganancias/utilidades"
"P020","Otros ingresos"
"P021","Total de ingresos"
"P022","Total de ingresos de trabajos realizados en los cinco meses anteriores al mes pasado"
"P023","Alquiler de tierras y terrenos, dentro y fuera del país"
"P024","Alquiler de casas, edificios, locales y otros inmuebles que están dentro del país"
"P025","Alquiler de casas, edificios, locales y otros inmuebles que están fuera del país"
"P026","Intereses provenientes de inversiones a plazo fijo"
"P027","Intereses provenientes de cuentas de ahorro"
"P028","Intereses provenientes de préstamos a terceros"
"P029","Rendimientos provenientes de bonos o cédulas"
"P030","Alquiler de marcas, patentes y derechos de autor"
"P031","Otros ingresos por renta de la propiedad no considerados en los anteriores"
"P032","Jubilaciones y/o pensiones originadas dentro del país"
"P033","Jubilaciones y/o pensiones provenientes de otro(s) país(es)"
"P034","Indemnizaciones recibidas de seguros contra riesgos a terceros"
"P035","Indemnizaciones por accidentes de trabajo"
"P036","Indemnizaciones por despido y retiro voluntario"
"P037","Becas provenientes de instituciones privadas o de organismos no gubernamentales"
"P038","Becas provenientes del gobierno"
"P039","Donativos provenientes de organizaciones no gubernamentales"
"P040","Donativos en dinero provenientes de otros hogares"
"P041","Ingresos provenientes de otros países"
"P043","Beneficio de PROCAMPO / ProAgro Productivo / Producción para el Bienestar"
"P045","Beneficio de otros programas para adultos mayores"
"P048","Beneficios de otros programas sociales"
"P101","Beca Bienestar para las Familias de Educación Básica (PROSPERA)"
"P102","Beca Benito Juárez para Jóvenes de Educación Media Superior"
"P103","Beca Jóvenes Escribiendo el Futuro de Educación Superior"
"P104","Programa para el Bienestar de las Personas Adultas Mayores"
"P105","Pensión para el Bienestar de Personas con Discapacidad"
"P106","Apoyo para el Bienestar de los Hijos de Madres Trabajadoras"
"P107","Seguro de vida para Jefas de Familia"
"P108","Programa Jóvenes Construyendo el Futuro"
"P049","Total de ingresos no considerados en los anteriores"
"P050","Ingresos anuales por rendimientos de acciones que posea de alguna empresa en la que no trabajó"
"P051","Retiro de inversiones, ahorros, tandas, cajas de ahorro etcétera"
"P052","Pagos recibidos de préstamos que usted hizo a personas ajenas al hogar"
"P053","Préstamos recibidos de personas ajenas al hogar o instituciones, se excluyen préstamos hipotecarios"
"P054","Venta de monedas, metales preciosos, joyas y obras de arte, etcétera"
"P055","Venta de acciones, bonos y cédulas"
"P056","Venta de marcas, patentes y derechos de autor"
"P057","Herencias, dotes y legados"
"P058","Loterías y juegos de azar"
"P059","Venta de casas, condominios, etcétera, que están dentro y fuera del país"
"P060","Venta de terrenos que están dentro y fuera del país"
"P061","Venta de maquinaria, equipos, animales de producción,vehículos, etcétera, utilizados en el negocio"
"P062","Venta de vehículos"
"P063","Venta de aparatos eléctricos de segunda mano, etcétera"
"P064","Préstamos hipotecarios por bienes inmuebles: casas, terrenos, edificios y locales"
"P065","Seguros de vida"
"P066","Otras percepciones financieras y de capital no consideradas en las anteriores"
"P067","Ingreso por trabajo de personas menores de 12 años"
"P068","Por negocios con tipo de actividad industrial"
"P069","Por negocios con tipo de actividad comercial"
"P070","Por negocios  prestadores  de servicios"
"P071","Por negocios con actividades agrícolas"
"P072","Por negocios con actividades de cría y explotación de animales"
"P073","Por negocios con actividades de recolección, reforestación y tala de árboles"
"P074","Por negocios con actividades de pesca, caza y captura de animales"
"P075","Por negocios con tipo de actividad industrial"
"P076","Por negocios con tipo de actividad comercial"
"P077","Por negocios  prestadores  de servicios"
"P078","Por negocios con actividades agrícolas"
"P079","Por negocios con actividades de cría y explotación de animales"
"P080","Por negocios con actividades de recolección, reforestación y tala de árboles"
"P081","Por negocios con actividades de pesca, caza y captura de animales"