﻿mes_dia,descripcion
"0000","No aplica"
"0820","jueves 20 de agosto"
"0821","viernes 21 de agosto"
"0822","sábado 22 de agosto"
"0823","domingo 23 de agosto"
"0824","lunes 24 de agosto"
"0825","martes 25 de agosto"
"0826","miércoles 26 de agosto"
"0830","domingo 30 de agosto"
"0831","lunes 31 de agosto"
"0901","martes 1 de septiembre"
"0902","miércoles 2 de septiembre"
"0903","jueves 3 de septiembre"
"0904","viernes 4 de septiembre"
"0905","sábado 5 de septiembre"
"0909","miércoles 9 de septiembre"
"0910","jueves 10 de septiembre"
"0911","viernes 11 de septiembre"
"0912","sábado 12 de septiembre"
"0913","domingo 13 de septiembre"
"0914","lunes 14 de septiembre"
"0915","martes 15 de septiembre"
"0919","sábado 19 de septiembre"
"0920","domingo 20 de septiembre"
"0921","lunes 21 de septiembre"
"0922","martes 22 de septiembre"
"0923","miércoles 23 de septiembre"
"0924","jueves 24 de septiembre"
"0925","viernes 25 de septiembre"
"0929","martes 29 de septiembre"
"0930","miércoles 30 de septiembre"
"1001","jueves 1 de octubre"
"1002","viernes 2 de octubre"
"1003","sábado 3 de octubre"
"1004","domingo 4 de octubre"
"1005","lunes 5 de octubre"
"1009","viernes 9 de octubre"
"1010","sábado 10 de octubre"
"1011","domingo 11 de octubre"
"1012","lunes 12 de octubre"
"1013","martes 13 de octubre"
"1014","miércoles 14 de octubre"
"1015","jueves 15 de octubre"
"1019","lunes 19 de octubre"
"1020","martes 20 de octubre"
"1021","miércoles 21 de octubre"
"1022","jueves 22 de octubre"
"1023","viernes 23 de octubre"
"1024","sábado 24 de octubre"
"1025","domingo 25 de octubre"
"1029","jueves 29 de octubre"
"1030","viernes 30 de octubre"
"1031","sábado 31 de octubre"
"1101","domingo 1 de noviembre"
"1102","lunes 2 de noviembre"
"1103","martes 3 de noviembre"
"1104","miércoles 4 de noviembre"
"1108","domingo 8 de noviembre"
"1109","lunes 9 de noviembre"
"1110","martes 10 de noviembre"
"1111","miércoles 11 de noviembre"
"1112","jueves 12 de noviembre"
"1113","viernes 13 de noviembre"
"1114","sábado 14 de noviembre"