﻿no_ing,descripcion
"01","Pago en especie"
"02","No le han pagado"
"03","Está contratado pero no ha iniciado sus actividades"
"04","Incapacidad temporal (enfermedad, accidente, etcétera)"
"05","Falta de trabajo (cierre temporal de la empresa, negocio o comercio pero sin haber sido despedido)"
"06","Conflicto laboral o huelga de subordinados"
"07","Escasez de materiales y reparación del equipo para la producción o venta de subordinados"
"08","Está esperando continuar con las labores agrícolas"
"09","Conflicto laboral o huelga de independientes"
"10","Inicio labores y no hay gastos ni ingresos"
"11","Escasez de materiales y reparación del equipo para la producción o venta de independientes"
"12","No ha tenido utilidades en el periodo de referencia"
"13","El negocio tuvo pérdidas"
"99","Otras causas no consideradas en las anteriores"