﻿prestacion,descripcion
"01","Incapacidad en caso de enfermedad, accidente o maternidad"
"02","Aguinaldo"
"03","Vacaciones con goce de sueldo"
"04","Reparto de utilidades"
"05","Crédito de vivienda"
"06","Guarderías y estancias infantiles"
"07","Tiempo para cuidados maternos o paternos"
"08","SAR o AFORE"
"09","Seguro de vida"
"10","Préstamos personales y/o caja de ahorro"
"11","Prima vacacional"
"12","Becas y apoyos educativos"
"13","Servicio de comedor"
"14","Crédito FONACOT"
"15","Ayuda de despensas"
"16","Ayuda o exención en el pago de luz, agua, teléfono, etc"
"17","Pensión en caso de invalidez"
"18","Pensión para sus familiares en caso de fallecimiento"
"19","Otras prestaciones"
"20","No tiene prestaciones provenientes de su trabajo"