﻿Tabla:,,AGROGASTO,,,,,
,,,,,,,
Insumos:,,,,,,,
TR_ENIGHN2020C14_AGROGASTO,,,,,,,
,,,,,,,
Construcción general:,,,,,,,
"No tiene ningún tratamiento.
Se renombran las variables (para explotación) de acuerdo a la lista de variables.",,,,,,,
,,,,,,,
Lista de variables:,,,,,,,
#,Variable,,,Tipo,Categorías / valores nulos,,Construcción / Observaciones
,Explotación,Validación,Nemónico DWH,,Valor,Etiqueta,
1,folioviv,FOLIOVIV,IDENTIFICADOR_VIVIENDA,C (10),NOT NULL,,"Identificador de la vivienda compuesto por dos dígitos con la clave de la entidad federativa, uno con el ámbito (urbano, código diferente a 6; rural, código 6), cuatro dígitos del número consecutivo de la upm, un dígito de la decena de levantamiento y dos dígitos con un número consecutivo para la vivienda seleccionada."
2,foliohog,FOLIOHOG,IDENTIFICADOR_HOGAR,C (1),NOT NULL,,"Identificador del hogar, el código 1 identifica al hogar principal y del 2 al 5 los hogares adicionales"
3,numren,NUMREN,IDENTIFICADOR_PERSONA,C (2),NOT NULL,,Número consecutivo en el registro de personas del hogar
4,id_trabajo,NUMTRAB,IDENTIFICADOR_TRABAJO,C (1),NOT NULL,,
,,,,,1,Trabajo principal,
,,,,,2,Trabajo secundario,
5,tipoact,TIPOACT,TIPO_ACTIVIDAD,C (1),NOT NULL,,
,,,,,4,Actividades agrícolas,
,,,,,5,Actividades de cría y explotación de animales,
,,,,,6,Actividades de recolección,
,,,,,7,Reforestación y tala de arboles,
,,,,,8,Actividades de caza y captura de animales,
,,,,,9,Actividades de pesca,
6,clave,CLAVE,CLASIFICACION_GASTO,C (3),NOT NULL,,Categorías en catálogo de gastos de negocios agro
7,gasto,GASTO,GASTO,N (9),NOT NULL,,
