﻿Tabla:,,HOGARES,,,,
,,,,,,
Insumos:,,,,,,
TR_ENIGHV2022_HOGAR,,,,,,
,,,,,,
Construcción general:,,,,,,
"Recodificar las variables que indican el número de artículos en el tema de equipamiento del hogar(servicios,vehículos o aparatos): cuando el hogar no tenga artículos, el número de artículos es cero
(ejemplo: IF eqh1_t='2' eqh1_n=0).
Recodificar los huéspedes y empleados domésticos de acuerdo a la lista de variables.
Se renombran las variables (para explotación) de acuerdo a la lista de variables.",,,,,,
,,,,,,
Lista de variables:,,,,,,
#,Variable,,Tipo,Categorías / valores nulos,,Construcción / Observaciones
,Explotación,Validación,,Valor,Etiqueta,
1,folioviv,FOLIOVIV,C (10),NOT NULL,,"Identificador de la vivienda compuesto por dos dígitos con la clave de la entidad federativa, uno con el ámbito (urbano, código diferente a 6; rural, código 6), cuatro dígitos del número consecutivo de la upm, un dígito de la decena de levantamiento y dos dígitos con un número consecutivo para la vivienda seleccionada."
2,foliohog,FOLIOHOG,C (1),NOT NULL,,"Identificador del hogar, el código 1 identifica al hogar principal y del 2 al 5 los hogares adicionales"
3,huespedes,HUESPEDES5,N (1),NULL,,"Si HUESPEDES4='2', entonces  huespedes=0."
4,huesp_come,HUESPEDES6,N (1),NULL,,
5,num_trab_d,DOMESTICO8,N (1),NULL,,"Si DOMESTICO7='2', entonces  num_trab_d=0."
6,trab_come,DOMESTICO9,N (1),NULL,,
7,acc_alim1,ALIM1,C (1),NOT NULL,,
,,,,1,Sí,
,,,,2,No,
8,acc_alim2,ALIM2,C (1),NOT NULL,,
,,,,1,Sí,
,,,,2,No,
9,acc_alim3,ALIM3,C (1),NOT NULL,,
,,,,1,Sí,
,,,,2,No,
10,acc_alim4,ALIM4,C (1),NOT NULL,,
,,,,1,Sí,
,,,,2,No,
11,acc_alim5,ALIM5,C (1),NOT NULL,,
,,,,1,Sí,
,,,,2,No,
12,acc_alim6,ALIM6,C (1),NOT NULL,,
,,,,1,Sí,
,,,,2,No,
13,acc_alim7,ALIM7,C (1),NULL,,
,,,,1,Sí,
,,,,2,No,
14,acc_alim8,ALIM8,C (1),NULL,,
,,,,1,Sí,
,,,,2,No,
15,acc_alim9,ALIM9,C (1),NULL,,
,,,,1,Sí,
,,,,2,No,
16,acc_alim10,ALIM10,C (1),NULL,,
,,,,1,Sí,
,,,,2,No,
17,acc_alim11,ALIM11,C (1),NULL,,
,,,,1,Sí,
,,,,2,No,
18,acc_alim12,ALIM12,C (1),NULL,,
,,,,1,Sí,
,,,,2,No,
19,acc_alim13,ALIM13,C (1),NULL,,
,,,,1,Sí,
,,,,2,No,
20,acc_alim14,ALIM14,C (1),NULL,,
,,,,1,Sí,
,,,,2,No,
21,acc_alim15,ALIM15,C (1),NULL,,
,,,,1,Sí,
,,,,2,No,
22,acc_alim16,ALIM16,C (1),NULL,,
,,,,1,Sí,
,,,,2,No,
23,alim17_1,ALIM17_1,N (1),NOT NULL,,
24,alim17_2,ALIM17_2,N (1),NOT NULL,,
25,alim17_3,ALIM17_3,N (1),NOT NULL,,
26,alim17_4,ALIM17_4,N (1),NOT NULL,,
27,alim17_5,ALIM17_5,N (1),NOT NULL,,
28,alim17_6,ALIM17_6,N (1),NOT NULL,,
29,alim17_7,ALIM17_7,N (1),NOT NULL,,
30,alim17_8,ALIM17_8,N (1),NOT NULL,,
31,alim17_9,ALIM17_9,N (1),NOT NULL,,
32,alim17_10,ALIM17_10,N (1),NOT NULL,,
33,alim17_11,ALIM17_11,N (1),NOT NULL,,
34,alim17_12,ALIM17_12,N (1),NOT NULL,,
35,acc_alim18,ALIM18,C (1),NOT NULL,,
,,,,1,Igual,
,,,,2,Mayor,
,,,,3,Menor,
36,telefono,SERV_1,C (1),NOT NULL,,
,,,,1,Sí,
,,,,2,No,
37,celular,SERV_2,C (1),NOT NULL,,
,,,,1,Sí,
,,,,2,No,
38,tv_paga,SERV_3,C (1),NOT NULL,,
,,,,1,Sí,
,,,,2,No,
39,conex_inte,SERV_4,C (1),NOT NULL,,
,,,,1,Sí,
,,,,2,No,
40,num_auto,VEHI1_N,N (2),NOT NULL,,el valor &  proveniente de validación se reemplaza por -1
41,anio_auto,VEHI1_A,C (2),NULL,,el valor &  proveniente de validación se etiqueta como “no especificado” o “perdido por el usuario”
42,num_van,VEHI2_N,N (2),NOT NULL,,
43,anio_van,VEHI2_A,C (2),NULL,,el valor &  proveniente de validación se etiqueta como “no especificado” o “perdido por el usuario”
44,num_pickup,VEHI3_N,N (2),NOT NULL,,
45,anio_pickup,VEHI3_A,C (2),NULL,,el valor &  proveniente de validación se etiqueta como “no especificado” o “perdido por el usuario”
46,num_moto,VEHI4_N,N (2),NOT NULL,,
47,anio_moto,VEHI4_A,C (2),NULL,,el valor &  proveniente de validación se etiqueta como “no especificado” o “perdido por el usuario”
48,num_bici,VEHI5_N,N (2),NOT NULL,,el valor &  proveniente de validación se reemplaza por -1
49,anio_bici,VEHI5_A,C (2),NULL,,el valor &  proveniente de validación se etiqueta como “no especificado” o “perdido por el usuario”
50,num_trici,VEHI6_N,N (2),NOT NULL,,
51,anio_trici,VEHI6_A,C (2),NULL,,el valor &  proveniente de validación se etiqueta como “no especificado” o “perdido por el usuario”
52,num_carret,VEHI7_N,N (2),NOT NULL,,
53,anio_carret,VEHI7_A,C (2),NULL,,el valor &  proveniente de validación se etiqueta como “no especificado” o “perdido por el usuario”
54,num_canoa,VEHI8_N,N (2),NOT NULL,,
55,anio_canoa,VEHI8_A,C (2),NULL,,el valor &  proveniente de validación se etiqueta como “no especificado” o “perdido por el usuario”
56,num_otro,VEHI9_N,N (2),NOT NULL,,
57,anio_otro,VEHI9_A,C (2),NULL,,el valor &  proveniente de validación se etiqueta como “no especificado” o “perdido por el usuario”
58,num_ester,EQH1_N,N (2),NOT NULL,,el valor &  proveniente de validación se reemplaza por -1
59,anio_ester,EQH1_A,C (2),NULL,,el valor &  proveniente de validación se etiqueta como “no especificado” o “perdido por el usuario”
60,num_grab,EQH2_N,N (2),NOT NULL,,el valor &  proveniente de validación se reemplaza por -1
61,anio_grab,EQH2_A,C (2),NULL,,el valor &  proveniente de validación se etiqueta como “no especificado” o “perdido por el usuario”
62,num_radio,EQH3_N,N (2),NOT NULL,,el valor &  proveniente de validación se reemplaza por -1
63,anio_radio,EQH3_A,C (2),NULL,,el valor &  proveniente de validación se etiqueta como “no especificado” o “perdido por el usuario”
64,num_tva,EQH4_N,N (2),NOT NULL,,el valor &  proveniente de validación se reemplaza por -1
65,anio_tva,EQH4_A,C (2),NULL,,el valor &  proveniente de validación se etiqueta como “no especificado” o “perdido por el usuario”
66,num_tvd,EQH5_N,N (2),NOT NULL,,el valor &  proveniente de validación se reemplaza por -1
67,anio_tvd,EQH5_A,C (2),NULL,,el valor &  proveniente de validación se etiqueta como “no especificado” o “perdido por el usuario”
68,num_dvd,EQH6_N,N (2),NOT NULL,,el valor &  proveniente de validación se reemplaza por -1
69,anio_dvd,EQH6_A,C (2),NULL,,el valor &  proveniente de validación se etiqueta como “no especificado” o “perdido por el usuario”
70,num_video,EQH7_N,N (2),NOT NULL,,el valor &  proveniente de validación se reemplaza por -1
71,anio_video,EQH7_A,C (2),NULL,,el valor &  proveniente de validación se etiqueta como “no especificado” o “perdido por el usuario”
72,num_licua,EQH8_N,N (2),NOT NULL,,el valor &  proveniente de validación se reemplaza por -1
73,anio_licua,EQH8_A,C (2),NULL,,el valor &  proveniente de validación se etiqueta como “no especificado” o “perdido por el usuario”
74,num_tosta,EQH9_N,N (2),NOT NULL,,el valor &  proveniente de validación se reemplaza por -1
75,anio_tosta,EQH9_A,C (2),NULL,,el valor &  proveniente de validación se etiqueta como “no especificado” o “perdido por el usuario”
76,num_micro,EQH10_N,N (2),NOT NULL,,el valor &  proveniente de validación se reemplaza por -1
77,anio_micro,EQH10_A,C (2),NULL,,el valor &  proveniente de validación se etiqueta como “no especificado” o “perdido por el usuario”
78,num_refri,EQH11_N,N (2),NOT NULL,,el valor &  proveniente de validación se reemplaza por -1
79,anio_refri,EQH11_A,C (2),NULL,,el valor &  proveniente de validación se etiqueta como “no especificado” o “perdido por el usuario”
80,num_estuf,EQH12_N,N (2),NOT NULL,,el valor &  proveniente de validación se reemplaza por -1
81,anio_estuf,EQH12_A,C (2),NULL,,el valor &  proveniente de validación se etiqueta como “no especificado” o “perdido por el usuario”
82,num_lavad,EQH13_N,N (2),NOT NULL,,el valor &  proveniente de validación se reemplaza por -1
83,anio_lavad,EQH13_A,C (2),NULL,,el valor &  proveniente de validación se etiqueta como “no especificado” o “perdido por el usuario”
84,num_planc,EQH14_N,N (2),NOT NULL,,el valor &  proveniente de validación se reemplaza por -1
85,anio_planc,EQH14_A,C (2),NULL,,el valor &  proveniente de validación se etiqueta como “no especificado” o “perdido por el usuario”
86,num_maqui,EQH15_N,N (2),NOT NULL,,el valor &  proveniente de validación se reemplaza por -1
87,anio_maqui,EQH15_A,C (2),NULL,,el valor &  proveniente de validación se etiqueta como “no especificado” o “perdido por el usuario”
88,num_venti,EQH16_N,N (2),NOT NULL,,el valor &  proveniente de validación se reemplaza por -1
89,anio_venti,EQH16_A,C (2),NULL,,el valor &  proveniente de validación se etiqueta como “no especificado” o “perdido por el usuario”
90,num_aspir,EQH17_N,N (2),NOT NULL,,el valor &  proveniente de validación se reemplaza por -1
91,anio_aspir,EQH17_A,C (2),NULL,,el valor &  proveniente de validación se etiqueta como “no especificado” o “perdido por el usuario”
92,num_compu,EQH18_N,N (2),NOT NULL,,el valor &  proveniente de validación se reemplaza por -1
93,anio_compu,EQH18_A,C (2),NULL,,el valor &  proveniente de validación se etiqueta como “no especificado” o “perdido por el usuario”
94,num_impre,EQH19_N,N (2),NOT NULL,,el valor &  proveniente de validación se reemplaza por -1
95,anio_impre,EQH19_A,C (2),NULL,,el valor &  proveniente de validación se etiqueta como “no especificado” o “perdido por el usuario”
96,num_juego,EQH20_N,N (2),NOT NULL,,el valor &  proveniente de validación se reemplaza por -1
97,anio_juego,EQH20_A,C (2),NULL,,el valor &  proveniente de validación se etiqueta como “no especificado” o “perdido por el usuario”
98,esc_radio,ESC_RADIO,C (1),NULL,,
,,,,1,Sí,
,,,,2,No,
99,er_aparato,MEDRADIO_1,C (1),NULL,,
,,,,1,Aparato físico,
100,er_celular,MEDRADIO_2,C (1),NULL,,
,,,,2,Teléfono celular,
101,er_compu,MEDRADIO_3,C (1),NULL,,
,,,,3,Computadora,
102,er_aplicac,MEDRADIO_4,C (1),NULL,,
,,,,4,Aplicación,
103,er_tv,MEDRADIO_5,C (1),NULL,,
,,,,5,Televisión,
104,er_otro,MEDRADIO_6,C (1),NULL,,
,,,,6,Otro,
105,recib_tvd,TVDIGITAL,C (1),NULL,,
,,,,1,Sí,
,,,,2,No,
106,tsalud1_h,TSALUD1_H,N (2),NULL,,
107,tsalud1_m,TSALUD1_M,N (2),NULL,,
108,habito_1,HABITO_1,C (1),NULL,,
,,,,1,Cada mes,
109,habito_2,HABITO_2,C (1),NULL,,
,,,,2,Cada 15 días,
110,habito_3,HABITO_3,C (1),NULL,,
,,,,3,Cada 8 días,
111,habito_4,HABITO_4,C (1),NULL,,
,,,,4,Cada tercer día,
112,habito_5,HABITO_5,C (1),NULL,,
,,,,5,Diariamente,
113,habito_6,HABITO_6,C (1),NULL,,
,,,,6,Otros,
114,consumo,CONSUMO,C (1),NULL,,
,,,,1,Sí,
,,,,2,No,
115,nr_viv,NR_VIV,C (2),NULL,,
116,tarjeta,TARJETA,C (1),NULL,,
,,,,1,Sí,
,,,,2,No,
117,pagotarjet,PAGOTARJETA,C (1),NULL,,
,,,,1,Sí,
,,,,2,No,
118,regalotar,REGALOTAR,C (1),NULL,,
,,,,1,Sí,
,,,,2,No,
119,regalodado,REGALODADO,C (1),NULL,,
,,,,1,Sí,
,,,,2,No,
120,autocons,AUTOCONS,C (1),NULL,,
,,,,1,Sí,
,,,,2,No,
121,regalos,REGALOS,C (1),NULL,,
,,,,1,Sí,
,,,,2,No,
122,remunera,REMUNERA,C (1),NULL,,
,,,,1,Sí,
,,,,2,No,
123,transferen,TRANSFEREN,C (1),NULL,,
,,,,1,Sí,
,,,,2,No,
124,parto_g,PARTO_G,C (1),NULL,,
,,,,1,Sí,
,,,,2,No,
125,embarazo_g,EMBARAZO_G,C (1),NULL,,
,,,,1,Sí,
,,,,2,No,
126,negcua,NEGCUA,C (1),NULL,,
,,,,1,Sí,
,,,,2,No,
127,est_alim,EST_ALIM,N (9),NULL,,"Estimación del gasto mensual en alimentos, bebidas y tabaco consumidos dentro y fuera de casa."
128,est_trans,EST_TRANS,N (9),NULL,,Estimación del gasto mensual en transporte público.
129,bene_licon,B_LICON,C (1),NULL,,
,,,,1,Sí,
,,,,2,No,
130,cond_licon,CON_LICON,C (1),NULL,,
,,,,1,Sí,
,,,,2,No,
131,lts_licon,LTS_LICON,C (1),NULL,,
,,,,1,4 litros,
,,,,2,8 litros,
,,,,3,12 litros,
,,,,4,16 litros,
,,,,5,20 litros,
,,,,6,24 litros,
,,,,7,Otro,
132,otros_lts,LTS_D,N (2),NULL,,
133,diconsa,DICONSA,C (1),NULL,,
,,,,1,Sí,
,,,,2,No,
,,,,3,No sabe,
134,frec_dicon,FREC_DICON,C (1),NULL,,
,,,,1,Siempre,
,,,,2,A vecez,
,,,,3,Nunca,
135,cond_dicon,CON_DICON,C (1),NULL,,
,,,,1,Sí,
,,,,2,No,
136,pago_dicon,PAG_DICON,C (1),NULL,,
,,,,1,50 pesos,
,,,,2,100 pesos,
,,,,3,150 pesos,
,,,,4,200 pesos,
,,,,5,250 pesos,
,,,,7,Otro,
137,otro_pago,PAG_D,N (3),NULL,,
138,entidad,,C (2),NOT NULL,,Variable construida con las claves de la entidad TC_ENIGHV2022_MUESTRAS;
139,est_dis,EDIS_EG,C (3),NOT NULL,,Variable definida en el diseño muestral
140,upm,UPM_DIS,C (7),NOT NULL,,Variable definida en el diseño muestral
141,factor,FACTOR,N (5),NOT NULL,,Factor de expansión proporcionado por el área de muestras
