﻿Tabla:,,NOAGRO,,,,,
,,,,,,,
Insumos:,,,,,,,
"TR_ENIGHV2022_NOAGRO
TR_ENIGHV2022_NOAGROCONSUMO
TR_ENIGHV2022_NOAGROIMPORTE
TR_ENIGHV2022_NVOPROGSOC",,,,,,,
,,,,,,,
Construcción general:,,,,,,,
"Agregar las tablas TR_ENIGHV2022_NOAGROCONSUMO y TR_ENIGHV2022_NOAGROIMPORTE a la tabla TR_ENIGHV2022_NOAGRO.
Construir y/o renombrar las variables (para explotación) de acuerdo a la lista de variables.
Se crean las variables nvo_prog1, nvo_prog2 y nvo_prog3, donde se integran los programas sociales de la tabla TR_ENIGHV2022_NVOPROGSOC, según si la actividad empata con la declarada en el programa, de lo contrario se agrega a la actividad principal declarada.",,,,,,,
,,,,,,,
Lista de variables:,,,,,,,
#,Variable,,Tipo,Categorías / valores nulos,,Construcción / Observaciones,
,Explotación,Validación,,Valor,Etiqueta,,
1,folioviv,FOLIOVIV,C (10),NOT NULL,,"Identificador de la vivienda compuesto por dos dígitos con la clave de la entidad federativa, uno con el ámbito (urbano, código diferente a 6; rural, código 6), cuatro dígitos del número consecutivo de la upm, un dígito de la decena de levantamiento y dos dígitos con un número consecutivo para la vivienda seleccionada.",
2,foliohog,FOLIOHOG,C (1),NOT NULL,,"Identificador del hogar, el código 1 identifica al hogar principal y del 2 al 5 los hogares adicionales",
3,numren,NUMREN,C (2),NOT NULL,,Número consecutivo en el registro de personas del hogar,
4,id_trabajo,NUMTRAB,C (1),NOT NULL,,,
,,,,1,Trabajo principal,,
,,,,2,Trabajo secundario,,
5,tipoact,TIPOACT,C (1),NOT NULL,,,
,,,,1,Industrial,,
,,,,2,Compra-Venta,,
,,,,3,Servicios,,
6,numesta,NUMESTA,C (1),NOT NULL,,,
,,,,1,No tiene establecimiento,,
,,,,2,Uno solo,,
,,,,3,Más de uno,,
7,totesta,TOTESTA,N (2),NULL,,,
8,lugact,LUGACT,C (1),NULL,,,
,,,,1,"En su domicilio, sin una instalación especial",,
,,,,2,"En su domicilio, con una instalación especial",,
,,,,3,Ambulante de casa en casa o en la calle,,
,,,,4,En puesto improvisado en la vía pública,,
,,,,5,En el domicilio de los clientes,,
,,,,6,En puesto fijo en la calle,,
,,,,7,En puesto semifijo,,
,,,,8,En el campo a cielo abierto,,
,,,,9,Otro lugar no mencionado anteriormente,,
9,socios,SOCIOS,C (1),NOT NULL,,,
,,,,1,Sí,,
,,,,2,No,,
10,numsocio,NUMSOCIO,N (2),NULL,,,
11,phogar1,PHOGAR1,N (2),NULL,,,
12,mismop,MISMOP,C (1),NULL,,,
,,,,1,Sí,,
,,,,2,No,,
13,mes_2,MES_2,C (2),NULL,,,
,,,,06,junio,,
,,,,07,julio,,
,,,,08,agosto,,
,,,,09,septiembre,,
14,mes_3,MES_3,C (2),NULL,,,
,,,,05,mayo,,
,,,,06,junio,,
,,,,07,julio,,
,,,,08,agosto,,
15,mes_4,MES_4,C (2),NULL,,,
,,,,04,abril,,
,,,,05,mayo,,
,,,,06,junio,,
,,,,07,julio,,
16,mes_5,MES_5,C (2),NULL,,,
,,,,03,marzo,,
,,,,04,abril,,
,,,,05,mayo,,
,,,,06,junio,,
17,mes_6,MES_6,C (2),NULL,,,
,,,,02,febrero,,
,,,,03,marzo,,
,,,,04,abril,,
,,,,05,mayo,,
18,phogar2,PHOGAR2,N (2),NULL,,,
19,phogar3,PHOGAR3,N (2),NULL,,,
20,phogar4,PHOGAR4,N (2),NULL,,,
21,phogar5,PHOGAR5,N (2),NULL,,,
22,phogar6,PHOGAR6,N (2),NULL,,,
23,otro_pago,OTROPAGO,C (1),NOT NULL,,,
,,,,1,Sí,,
,,,,2,No,,
24,fpago_1,FPAGO_1,C (1),NULL,,,
,,,,1,Domiciliación,,
25,fpago_2,FPAGO_2,C (1),NULL,,,
,,,,2,Transferencia electrónica de fondos,,
26,fpago_3,FPAGO_3,C (1),NULL,,,
,,,,3,Tarjeta de crédito,,
27,fpago_4,FPAGO_4,C (1),NULL,,,
,,,,4,Tarjeta de débito,,
28,fpago_5,FPAGO_5,C (1),NULL,,,
,,,,5,Cheque,,
29,fpago_6,FPAGO_6,C (1),NULL,,,
,,,,6,Vale,,
30,fpago_7,FPAGO_7,C (1),NULL,,,
,,,,7,Pago móvil,,
31,fpago_8,FPAGO_8,C (1),NULL,,,
,,,,8,Otro,,
32,nofpago,NOFPAGO,C (1),NULL,,,
,,,,1,Tamaño del negocio,,
,,,,2,Desconocimiento de otras modalidades,,
,,,,3,Por costos de operación,,
,,,,4,Falta de infraestructura o equipo,,
,,,,5,Desconfianza de otras formas de pago,,
,,,,6,No lo cree necesario,,
,,,,7,Otro,,
33,t_emp,T_EMP,N (2),NOT NULL,,,
34,h_emp,H_EMP,N (2),NULL,,,
35,m_emp,M_EMP,N (2),NULL,,,
36,t_cpago,T_CPAGO,N (2),NULL,,,
37,h_cpago,H_CPAGO,N (2),NULL,,,
38,m_cpago,M_CPAGO,N (2),NULL,,,
39,t_ispago,T_ISPAGO,N (2),NULL,,,
40,h_ispago,H_ISPAGO,N (2),NULL,,,
41,m_ispago,M_ISPAGO,N (2),NULL,,,
42,t_nispago,T_NISPAGO,N (2),NULL,,,
43,h_nispago,H_NISPAGO,N (2),NULL,,,
44,m_nispago,M_NISPAGO,N (2),NULL,,,
45,autocons,AUTOCONS,C (1),NOT NULL,,,
,,,,1,Sí,,
,,,,2,No,,
46,enproduc,ENPRODUC,N (9),NULL,,el valor &  proveniente de validación se reemplaza por -1,
47,novend,NOVEND,N (9),NULL,,el valor &  proveniente de validación se reemplaza por -1,
48,consinter,CONSINTER,N (9),NULL,,el valor &  proveniente de validación se reemplaza por -1,
49,peract,PERACT,C (1),NOT NULL,,,
,,,,1,La inició este año,,
,,,,2,La realiza solo algunas épocas del año,,
,,,,3,La realiza durante todo el año,,
50,mesact_1,MESACT_1,C (2),NULL,,,
,,,,01,enero,,
51,mesact_2,MESACT_2,C (2),NULL,,,
,,,,02,febrero,,
52,mesact_3,MESACT_3,C (2),NULL,,,
,,,,03,marzo,,
53,mesact_4,MESACT_4,C (2),NULL,,,
,,,,04,abril,,
54,mesact_5,MESACT_5,C (2),NULL,,,
,,,,05,mayo,,
55,mesact_6,MESACT_6,C (2),NULL,,,
,,,,06,junio,,
56,mesact_7,MESACT_7,C (2),NULL,,,
,,,,07,julio,,
57,mesact_8,MESACT_8,C (2),NULL,,,
,,,,08,agosto,,
58,mesact_9,MESACT_9,C (2),NULL,,,
,,,,09,septiembre,,
59,mesact_10,MESACT_10,C (2),NULL,,,
,,,,10,octubre,,
60,mesact_11,MESACT_11,C (2),NULL,,,
,,,,11,noviembre,,
61,mesact_12,MESACT_12,C (2),NULL,,,
,,,,12,diciembre,,
62,nvo_apoyo,NVO_APOYO,C (1),NOT NULL,,,
,,,,1,Sí,,
,,,,2,No,,
63,nvo_prog1,,C (4),NULL,,"NOTA: Las variables de la tabla TR_ENIGHV2022_NVOPROGSOC se convirtieron en categorías, al encontrar un máximo de  3 apoyos a los negocios, se crea las variables NVO_PROG1, NVO_PROG2 Y NVO_PROG3.",
,,,,2001,Sembrando Vida,,
,,,,2002,Sembrando Vida,,
,,,,2003,Tandas para el Bienestar (Microcréditos para el Bienestar),,
,,,,2004,Tandas para el Bienestar (Microcréditos para el Bienestar),,
,,,,2005,Agromercados Sociales y Sustentables,,
,,,,2006,Agromercados Sociales y Sustentables,,
,,,,2007,Precios de Garantía a Productos Alimentarios Básicos,,
,,,,2008,Precios de Garantía a Productos Alimentarios Básicos,,
,,,,2009,Crédito Ganadero a la Palabra,,
,,,,2010,Crédito Ganadero a la Palabra,,
,,,,2011,Nacional de Fertilizantes,,
,,,,2012,Nacional de Fertilizantes,,
,,,,2013,Desarrollo Rural,,
,,,,2014,Desarrollo Rural,,
,,,,2015,Otros programas sociales,,
,,,,2016,Otros programas sociales,,
64,nvo_act1,"ACT_2001
ACT_2002
ACT_2003
ACT_2004
ACT_2005
ACT_2006
ACT_2007
ACT_2008
ACT_2009
ACT_2010
ACT_2011
ACT_2012
ACT_2013
ACT_2014
ACT_2015
ACT_2016",C (1),NULL,,,
,,,,1,Industrial,,
,,,,2,Comercial,,
,,,,3,De servicios,,
,,,,4,Actividades agrícolas,,
,,,,5,Actividades de cría y explotación de animales,,
,,,,6,Actividades de recolección,,
,,,,7,Reforestación y tala de árboles,,
,,,,8,Actividades de caza y captura de animales,,
,,,,9,Actividades de pesca,,
65,nvo_cant1,"CVE_2001
CVE_2002
CVE_2003
CVE_2004
CVE_2005
CVE_2006
CVE_2007
CVE_2008
CVE_2009
CVE_2010
CVE_2011
CVE_2012
CVE_2013
CVE_2014
CVE_2015
CVE_2016",N (9),NULL,,,
66,nvo_prog2,,C (4),NULL,,"NOTA: Las variables de la tabla TR_ENIGHV2022_NVOPROGSOC se convirtieron en categorías, al encontrar un máximo de  3 apoyos a los negocios, se crea las variables NVO_PROG1, NVO_PROG2 Y NVO_PROG3.",
,,,,2001,Sembrando Vida,,
,,,,2002,Sembrando Vida,,
,,,,2003,Tandas para el Bienestar (Microcréditos para el Bienestar),,
,,,,2004,Tandas para el Bienestar (Microcréditos para el Bienestar),,
,,,,2005,Agromercados Sociales y Sustentables,,
,,,,2006,Agromercados Sociales y Sustentables,,
,,,,2007,Precios de Garantía a Productos Alimentarios Básicos,,
,,,,2008,Precios de Garantía a Productos Alimentarios Básicos,,
,,,,2009,Crédito Ganadero a la Palabra,,
,,,,2010,Crédito Ganadero a la Palabra,,
,,,,2011,Nacional de Fertilizantes,,
,,,,2012,Nacional de Fertilizantes,,
,,,,2013,Desarrollo Rural,,
,,,,2014,Desarrollo Rural,,
,,,,2015,Otros programas sociales,,
,,,,2016,Otros programas sociales,,
67,nvo_act2,"ACT_2001
ACT_2002
ACT_2003
ACT_2004
ACT_2005
ACT_2006
ACT_2007
ACT_2008
ACT_2009
ACT_2010
ACT_2011
ACT_2012
ACT_2013
ACT_2014
ACT_2015
ACT_2016",C (1),NULL,,,
,,,,1,Industrial,,
,,,,2,Comercial,,
,,,,3,De servicios,,
,,,,4,Actividades agrícolas,,
,,,,5,Actividades de cría y explotación de animales,,
,,,,6,Actividades de recolección,,
,,,,7,Reforestación y tala de árboles,,
,,,,8,Actividades de caza y captura de animales,,
,,,,9,Actividades de pesca,,
68,nvo_cant2,"CVE_2001
CVE_2002
CVE_2003
CVE_2004
CVE_2005
CVE_2006
CVE_2007
CVE_2008
CVE_2009
CVE_2010
CVE_2011
CVE_2012
CVE_2013
CVE_2014
CVE_2015
CVE_2016",N (9),NULL,,,
69,nvo_prog3,,C (4),NULL,,"NOTA: Las variables de la tabla TR_ENIGHV2022_NVOPROGSOC se convirtieron en categorías, al encontrar un máximo de  3 apoyos a los negocios, se crea las variables NVO_PROG1, NVO_PROG2 Y NVO_PROG3.",
,,,,2001,Sembrando Vida,,
,,,,2002,Sembrando Vida,,
,,,,2003,Tandas para el Bienestar (Microcréditos para el Bienestar),,
,,,,2004,Tandas para el Bienestar (Microcréditos para el Bienestar),,
,,,,2005,Agromercados Sociales y Sustentables,,
,,,,2006,Agromercados Sociales y Sustentables,,
,,,,2007,Precios de Garantía a Productos Alimentarios Básicos,,
,,,,2008,Precios de Garantía a Productos Alimentarios Básicos,,
,,,,2009,Crédito Ganadero a la Palabra,,
,,,,2010,Crédito Ganadero a la Palabra,,
,,,,2011,Nacional de Fertilizantes,,
,,,,2012,Nacional de Fertilizantes,,
,,,,2013,Desarrollo Rural,,
,,,,2014,Desarrollo Rural,,
,,,,2015,Otros programas sociales,,
,,,,2016,Otros programas sociales,,
70,nvo_act3,"ACT_2001
ACT_2002
ACT_2003
ACT_2004
ACT_2005
ACT_2006
ACT_2007
ACT_2008
ACT_2009
ACT_2010
ACT_2011
ACT_2012
ACT_2013
ACT_2014
ACT_2015
ACT_2016",C (1),NULL,,,
,,,,1,Industrial,,
,,,,2,Comercial,,
,,,,3,De servicios,,
,,,,4,Actividades agrícolas,,
,,,,5,Actividades de cría y explotación de animales,,
,,,,6,Actividades de recolección,,
,,,,7,Reforestación y tala de árboles,,
,,,,8,Actividades de caza y captura de animales,,
,,,,9,Actividades de pesca,,
71,nvo_cant3,"CVE_2001
CVE_2002
CVE_2003
CVE_2004
CVE_2005
CVE_2006
CVE_2007
CVE_2008
CVE_2009
CVE_2010
CVE_2011
CVE_2012
CVE_2013
CVE_2014
CVE_2015
CVE_2016",N (9),NULL,,,
72,reg_not,REG_NOT,C (1),NULL,,,
,,,,1,Sí,,
,,,,2,No,,
73,reg_cont,REG_CONT,C (1),NULL,,,
,,,,1,Utiliza los servicios profesionales de un contador,,
,,,,2,Utiliza la herramienta electrónica MIS CUENTAS proporcionada por SAT,,
,,,,3,La realiza usted o algún familiar,,
,,,,4,No realiza contabilidad,,
74,ventas1,,"N (13,2)",NOT NULL,,Variable construida (ver nota),
75,ventas2,,"N (13,2)",NOT NULL,,Variable construida (ver nota),
76,ventas3,,"N (13,2)",NOT NULL,,Variable construida (ver nota),
77,ventas4,,"N (13,2)",NOT NULL,,Variable construida (ver nota),
78,ventas5,,"N (13,2)",NOT NULL,,Variable construida (ver nota),
79,ventas6,,"N (13,2)",NOT NULL,,Variable construida (ver nota),
80,autocons1,,"N (13,2)",NOT NULL,,Variable construida (ver nota),
81,autocons2,,"N (13,2)",NOT NULL,,Variable construida (ver nota),
82,autocons3,,"N (13,2)",NOT NULL,,Variable construida (ver nota),
83,autocons4,,"N (13,2)",NOT NULL,,Variable construida (ver nota),
84,autocons5,,"N (13,2)",NOT NULL,,Variable construida (ver nota),
85,autocons6,,"N (13,2)",NOT NULL,,Variable construida (ver nota),
86,otrosnom1,,"N (13,2)",NOT NULL,,Variable construida (ver nota) VALOR ESTIMADO DE LOS PRODUCTOS DE INTERCAMBIO,
87,otrosnom2,,"N (13,2)",NOT NULL,,,
88,otrosnom3,,"N (13,2)",NOT NULL,,,
89,otrosnom4,,"N (13,2)",NOT NULL,,,
90,otrosnom5,,"N (13,2)",NOT NULL,,,
91,otrosnom6,,"N (13,2)",NOT NULL,,,
92,gasneg1,,"N (13,2)",NOT NULL,,Variable construida (ver nota),
93,gasneg2,,"N (13,2)",NOT NULL,,Variable construida (ver nota),
94,gasneg3,,"N (13,2)",NOT NULL,,Variable construida (ver nota),
95,gasneg4,,"N (13,2)",NOT NULL,,Variable construida (ver nota),
96,gasneg5,,"N (13,2)",NOT NULL,,Variable construida (ver nota),
97,gasneg6,,"N (13,2)",NOT NULL,,Variable construida (ver nota),
98,ing1,,"N (13,2)",NOT NULL,,Variable construida (ver nota),
99,ing2,,"N (13,2)",NOT NULL,,Variable construida (ver nota),
100,ing3,,"N (13,2)",NOT NULL,,Variable construida (ver nota),
101,ing4,,"N (13,2)",NOT NULL,,Variable construida (ver nota),
102,ing5,,"N (13,2)",NOT NULL,,Variable construida (ver nota),
103,ing6,,"N (13,2)",NOT NULL,,Variable construida (ver nota),
104,ero1,,"N (13,2)",NOT NULL,,Variable construida (ver nota),
105,ero2,,"N (13,2)",NOT NULL,,Variable construida (ver nota),
106,ero3,,"N (13,2)",NOT NULL,,Variable construida (ver nota),
107,ero4,,"N (13,2)",NOT NULL,,Variable construida (ver nota),
108,ero5,,"N (13,2)",NOT NULL,,Variable construida (ver nota),
109,ero6,,"N (13,2)",NOT NULL,,Variable construida (ver nota),
110,ing_tri,,"N (15,2)",NOT NULL,,Variable construida (ver nota),
111,ero_tri,,"N (15,2)",NOT NULL,,Variable construida (ver nota),
112,ventas_tri,,"N (15,2)",NOT NULL,,Variable construida (ver nota),
113,auto_tri,,"N (15,2)",NOT NULL,,Variable construida (ver nota),
114,otros_tri,,"N (15,2)",NOT NULL,,Variable construida (ver nota),
115,gasto_tri,,"N (15,2)",NOT NULL,,Variable construida (ver nota),
,,,,,,,
,,,,,,,
,Construcción de variables,,,,,,
,socios,mismop,,clave,,VARIABLE,
,2 (No),,,801 – 802,,"ventas1= noagroimporte.importe_1
ventas2= noagroimporte.importe_2
ventas3= noagroimporte.importe_3
ventas4= noagroimporte.importe_4
ventas5= noagroimporte.importe_5
ventas6= noagroimporte.importe_6",
,,,,todas las claves,,"autocons1= noagroconsumo.auto_1
autocons2= noagroconsumo.auto_2
autocons3= noagroconsumo.auto_3
autocons4= noagroconsumo.auto_4
autocons5= noagroconsumo.auto_5
autocons6= noagroconsumo.auto_6",
,,,,100,,"otrosnom1= noagroimporte.importe_1
otrosnom2= noagroimporte.importe_2
otrosnom3= noagroimporte.importe_3
otrosnom4= noagroimporte.importe_4
otrosnom5= noagroimporte.importe_5
otrosnom6= noagroimporte.importe_6",
,,,,501 – 523,,"gasneg1= noagroimporte.importe_1
gasneg2= noagroimporte.importe_2
gasneg3= noagroimporte.importe_3
gasneg4= noagroimporte.importe_4
gasneg5= noagroimporte.importe_5
gasneg6= noagroimporte.importe_6",
,1 (Sí),1 (Sí),,801 – 802,,"ventas1= noagroimporte.importe_1 *noagro.phogar1/100
ventas2= noagroimporte.importe_2 *noagro.phogar1/100
ventas3= noagroimporte.importe_3 *noagro.phogar1/100
ventas4= noagroimporte.importe_4 *noagro.phogar1/100
ventas5= noagroimporte.importe_5 *noagro.phogar1/100
ventas6= noagroimporte.importe_6 *noagro.phogar1/100",
,,,,todas las claves,,"autocons1= noagroconsumo.auto_1 *noagro.phogar1/100
autocons2= noagroconsumo.auto_2 *noagro.phogar1/100
autocons3= noagroconsumo.auto_3 *noagro.phogar1/100
autocons4= noagroconsumo.auto_4 *noagro.phogar1/100
autocons5= noagroconsumo.auto_5 *noagro.phogar1/100
autocons6= noagroconsumo.auto_6 *noagro.phogar1/100",
,,,,100,,"otrosnom1= noagroimporte.importe_1 *noagro.phogar1/100
otrosnom2= noagroimporte.importe_2 *noagro.phogar1/100
otrosnom3= noagroimporte.importe_3 *noagro.phogar1/100
otrosnom4= noagroimporte.importe_4 *noagro.phogar1/100
otrosnom5= noagroimporte.importe_5 *noagro.phogar1/100
otrosnom6= noagroimporte.importe_6 *noagro.phogar1/100",
,,,,501 – 523,,"gasneg1= noagroimporte.importe_1 *noagro.phogar1/100
gasneg2= noagroimporte.importe_2 *noagro.phogar1/100
gasneg3= noagroimporte.importe_3 *noagro.phogar1/100
gasneg4= noagroimporte.importe_4 *noagro.phogar1/100
gasneg5= noagroimporte.importe_5 *noagro.phogar1/100
gasneg6= noagroimporte.importe_6 *noagro.phogar1/100",
,1 (Sí),2 (No),,801 – 802,,"ventas1= noagroimporte.importe_1 *noagro.phogar1/100
ventas2= noagroimporte.importe_2 *noagro.phogar2/100
ventas3= noagroimporte.importe_3 *noagro.phogar3/100
ventas4= noagroimporte.importe_4 *noagro.phogar4/100
ventas5= noagroimporte.importe_5 *noagro.phogar5/100
ventas6= noagroimporte.importe_6 *noagro.phogar6/100",
,,,,todas las claves,,"autocons1= noagroconsumo.auto_1 *noagro.phogar1/100
autocons2= noagroconsumo.auto_2 *noagro.phogar1/100
autocons3= noagroconsumo.auto_3 *noagro.phogar1/100
autocons4= noagroconsumo.auto_4 *noagro.phogar1/100
autocons5= noagroconsumo.auto_5 *noagro.phogar1/100
autocons6= noagroconsumo.auto_6 *noagro.phogar1/100",
,,,,100,,"otrosnom1= noagroimporte.importe_1 *noagro.phogar1/100
otrosnom2= noagroimporte.importe_2 *noagro.phogar2/100
otrosnom3= noagroimporte.importe_3 *noagro.phogar3/100
otrosnom4= noagroimporte.importe_4 *noagro.phogar4/100
otrosnom5= noagroimporte.importe_5 *noagro.phogar5/100
otrosnom6= noagroimporte.importe_6 *noagro.phogar6/100",
,,,,501 – 523,,"gasneg1= noagroimporte.importe_1 *noagro.phogar1/100
gasneg2= noagroimporte.importe_2 *noagro.phogar2/100
gasneg3= noagroimporte.importe_3 *noagro.phogar3/100
gasneg4= noagroimporte.importe_4 *noagro.phogar4/100
gasneg5= noagroimporte.importe_5 *noagro.phogar5/100
gasneg6= noagroimporte.importe_6 *noagro.phogar6/100",
," Nota:  Cuando exista algún dato sin valor, es decir null, se toma con valor cero; no habrá redondeo, sólo truncar a dos decimales.",,,,,,
,,,,,,,
,,,,,,,
,Construcción de variables  de ingreso y erogación,,,,,,
,"Si ((ventas1 + autocons1 + otrosnom1) - gasneg1)>=0, entoncesing1= ((ventas1 + autocons1 + otrosnom1) - gasneg1) y ero1= 0
Si ((ventas2 + autocons2 + otrosnom2) - gasneg2)>=0, entoncesing2= ((ventas2 + autocons2 + otrosnom2) - gasneg2) y ero2= 0
Si ((ventas3 + autocons3 + otrosnom3) - gasneg3)>=0, entoncesing3= ((ventas3 + autocons3 + otrosnom3) - gasneg3) y ero3= 0
Si ((ventas4 + autocons4 + otrosnom4) - gasneg4)>=0, entoncesing4= ((ventas4 + autocons4 + otrosnom4) - gasneg4) y ero4= 0
Si ((ventas5 + autocons5 + otrosnom5) - gasneg5)>=0, entoncesing5= ((ventas5 + autocons5 + otrosnom5) - gasneg5) y ero5= 0
Si ((ventas6 + autocons6 + otrosnom6) - gasneg6)>=0, entoncesing6= ((ventas6 + autocons6 + otrosnom6) - gasneg6) y ero6= 0",,,,,,
,"Si ((ventas1 + autocons1 + otrosnom1) - gasneg1)<0, entoncesing1= 0 y ero1= ((ventas1 + autocons1 + otrosnom1) - gasneg1) * (-1)
Si ((ventas2 + autocons2 + otrosnom2) - gasneg2)<0, entoncesing2= 0 y ero2= ((ventas2 + autocons2 + otrosnom2) - gasneg2) * (-1)
Si ((ventas3 + autocons3 + otrosnom3) - gasneg3)<0, entoncesing3= 0 y ero3= ((ventas3 + autocons3 + otrosnom3) - gasneg3) * (-1)
Si ((ventas4 + autocons4 + otrosnom4) - gasneg4)<0, entoncesing4= 0 y ero4= ((ventas4 + autocons4 + otrosnom4) - gasneg4) * (-1)
Si ((ventas5 + autocons5 + otrosnom5) - gasneg5)<0, entoncesing5= 0 y ero5= ((ventas5 + autocons5 + otrosnom5) - gasneg5) * (-1)
Si ((ventas6 + autocons6 + otrosnom6) - gasneg6)<0, entoncesing6= 0 y ero6= ((ventas6 + autocons6 + otrosnom6) - gasneg6) * (-1)",,,,,,
,,,,,,,
,,,,,,,
,"Trimestralización de INGRESOS y GASTOS de los negocios noagropecuarios, dependen de la decena.",,,,,,
,PERIODO DE REFERENCIA,DECENA,Factor de ajuste trimestral,Variables,,,
,SEMESTRAL,2,0.4972375690,"ing_tri= (ing1 + ing2 + ing3 + ing4 + ing5 + ing6)* (factor de ajuste trimestral)
ero_tri= (ero1 + ero2 + ero3 + ero4 + ero5 + ero6)* (factor de ajuste trimestral)
ventas_tri= (ventas1 + ventas2 + ventas3 + ventas4 + ventas5 + ventas6)* (factor de ajuste trimestral)
auto_tri= (autocons1 + autocons2 + autocons3 + autocons4 + autocons5 + autocons6)* (factor de ajuste trimestral)
otros_tri= (otrosnom1 + otrosnom2 + otrosnom3 + otrosnom4 + otrosnom5 + otrosnom6)* (factor de ajuste trimestral)
gasto_tri= (gasneg1 + gasneg2 + gasneg3 + gasneg4 + gasneg5 + gasneg6)* (factor de ajuste trimestral)",,,
,,"3 – 5, 9, 0",0.4891304347,,,,
,,6 – 8,0.4918032786,,,,
," Nota:  La decena es el dígito 8 de la variable folioviv; no habrá redondeo, sólo truncar a dos decimales.",,,,,,
