﻿Tabla:,,GASTOTARJETAS,,,,,
,,,,,,,
Insumos:,,,,,,,
TR_ENIGHN2020C14_GASTOTARJETA,,,,,,,
,,,,,,,
Construcción general:,,,,,,,
Se crea la variable gasto_tri y se trimestraliza el gasto según su clave (ver nota). Se renombran las variables (para explotación) de acuerdo a la lista de variables.,,,,,,,
,,,,,,,
Lista de variables:,,,,,,,
#,Variable,,,Tipo,Categorías / valores nulos,,Construcción / Observaciones
,Explotación,Validación,Nemónico DWH,,Valor,Etiqueta,
1,folioviv,FOLIOVIV,IDENTIFICADOR_VIVIENDA,C (10),NOT NULL,,"Identificador de la vivienda compuesto por dos dígitos con la clave de la entidad federativa, uno con el ámbito (urbano, código diferente a 6; rural, código 6), cuatro dígitos del número consecutivo de la upm, un dígito de la decena de levantamiento y dos dígitos con un número consecutivo para la vivienda seleccionada."
2,foliohog,FOLIOHOG,IDENTIFICADOR_HOGAR,C (1),NOT NULL,,"Identificador del hogar, el código 1 identifica al hogar principal y del 2 al 5 los hogares adicionales"
3,clave,CLAVE,CLASIFICACION_GASTO,C (4),NOT NULL,,Categorías en catálogo de gastos con tarjetas
4,gasto,GASTO,GASTO,N (9),NOT NULL,,
5,pago_mp,PAGO_MP,PAGO_MES_PASADO,N (9),NULL,,
6,gasto_tri,,GASTO_TRIMESTRAL,"N (12,2)",NOT NULL,,Variable construida (ver nota)
,,,,,,,
,,,,,,,
,"Trimestralización de GASTOS DIRECTOS, dependen de la decena y periodo del gasto determinado por la clave.",,,,,,
,PERIODO DE REFERENCIA,DECENA,Factor de ajuste trimestral,CLAVE,,CONSTRUCCIÓN / OBSERVACIONES,
,MENSUAL,"0, 2 – 5, 9",2.9032258064,"TB01 - TB07, TR01 – TR07",,gasto_tri=gasto * (factor de ajuste trimestral),
,,6 – 8,3.0000000000,,,,
,TRIMESTRAL,"0, 2 – 9",0.9782608695,"TB08 - TB10, TR08 – TR10",,,
,,,,,,,
,SEMESTRAL,2,0.4972375690,"TB11 - TB15, TR11 – TR15",,,
,,"0, 3 – 5, 9",0.4891304347,,,,
,,6 – 8,0.4918032786,,,,
," Nota:  La decena es el dígito 8 de la variable folioviv; no habrá redondeo, sólo truncar a dos decimales.",,,,,,
