﻿Tabla:,,CONCENTRADOHOGAR,,,
,,,,,
Insumos:,,,,,
"VIVIENDAS
HOGARES
POBLACION
INGRESOS",,,,,"GASTOSHOGAR
GASTOSPERSONA
EROGACIONES
"
,,,,,
Construcción general:,,,,,
"Esta tabla es un resumen a nivel hogar con las principales variables de interés de la encuesta.

Se construyen las variables (para explotación) de acuerdo a la lista de variables.",,,,,
,,,,,
Lista de variables:,,,,,
#,Variable,Tipo,Categorías / valores nulos,,Construcción / Observaciones
,Explotación,,Valor,Etiqueta,
1,folioviv,C (10),NOT NULL,,llave foránea de la tabla hogares
2,foliohog,C (1),NOT NULL,,llave foránea de la tabla hogares
3,ubica_geo,C (5),NOT NULL,,Igual a la variable ubica_geo de la tabla viviendas
4,tam_loc,C (1),NOT NULL,,Igual a la variable tam_loc de la tabla viviendas
,,,1,Localidades con 100 000 y más habitantes,
,,,2,Localidades con 15 000 a 99 999 habitantes,
,,,3,Localidades con 2 500 a 14 999 habitantes,
,,,4,Localidades con menos de 2 500 habitantes,
5,est_socio,C (1),NOT NULL,,Igual a la variable est_socio de la tabla viviendas
,,,1,Bajo,
,,,2,Medio bajo,
,,,3,Medio alto,
,,,4,Alto,
6,est_dis,C (3),NOT NULL,,Igual a la variable est_dis de la tabla viviendas
7,upm,C (7),NOT NULL,,Igual a la variable upm de la tabla viviendas
8,factor,N (5),NOT NULL,,Igual a la variable factor de la tabla viviendas
9,clase_hog,C (1),NOT NULL,,Construcción clase_hog (ver nota)
,,,1,Unipersonal,
,,,2,Nuclear,
,,,3,Ampliado,
,,,4,Compuesto,
,,,5,Corresidente,
10,sexo_jefe,C (1),NOT NULL,,Es igual a la variable sexo donde parentesco = 101 de la tabla poblacion
,,,1,Hombre,
,,,2,Mujer,
11,edad_jefe,N (2),NOT NULL,,Es igual a la variable edad donde parentesco = 101 de la tabla poblacion
12,educa_jefe,C (2),NULL,,Construcción educa_jefe (ver nota)
,,,01,Sin instrucción,
,,,02,Preescolar,
,,,03,Primaria incompleta,
,,,04,Primaria completa,
,,,05,Secundaria incompleta,
,,,06,Secundaria completa,
,,,07,Preparatoria incompleta,
,,,08,Preparatoria completa,
,,,09,Profesional incompleta,
,,,10,Profesional completa,
,,,11,Posgrado,
13,tot_integ,N (2),NOT NULL,,"Contar a las personas de la tabla poblacion donde parentesco inicien con 1, 2, 3, 5  6"
14,hombres,N (2),NOT NULL,,"Contar a las personas de la tabla poblacion donde parentesco inicien con 1, 2, 3, 5  6 y sexo = 1"
15,mujeres,N (2),NOT NULL,,"Contar a las personas de la tabla poblacion donde parentesco inicien con 1, 2, 3, 5  6 y sexo = 2"
16,mayores,N (2),NOT NULL,,"Contar a las personas de la tabla poblacion donde parentesco inicien con 1, 2, 3, 5  6 y edad > 11"
17,menores,N (2),NOT NULL,,"Contar a las personas de la tabla poblacion donde parentesco inicien con 1, 2, 3, 5  6 y edad < 12"
18,p12_64,N (2),NOT NULL,,"Contar a las personas de la tabla poblacion donde parentesco inicien con 1, 2, 3, 5  6 y (edad > 11 y edad < 65)"
19,p65mas,N (2),NOT NULL,,"Contar a las personas de la tabla poblacion donde parentesco inicien con 1, 2, 3, 5  6 y edad > 64"
20,ocupados,N (2),NOT NULL,,Contar a las personas con trabajo (i.e. poblacion.num_trabaj = 1 o 2  &  poblacion.edad >= 14)
21,percep_ing,N (2),NOT NULL,,"Contar a las personas que reportan ingreso en cualquiera de las claves P001-P009, P011-P016, P018-P041, P043, P045, P048, P049, P067-P081, P101-P108 en Ingresos."
22,perc_ocupa,N (2),NOT NULL,,"Contar a las personas que reportan ingreso en cualquiera de las claves P001-P009, P011-P016, P018-P041, P043, P045, P048, P049, P067-P081, P101-P108 en Ingresos y que poblacion.num_trabaj= 1 o 2"
23,ing_cor,"N (12,2)",NOT NULL,,ingtrab + rentas + transfer + estim_alqu + otros_ing
24,ingtrab,"N (12,2)",NOT NULL,,trabajo + negocio + otros_trab
25,trabajo,"N (12,2)",NOT NULL,,sueldos + horas_extr + comisiones + aguinaldo + indemtrab +  otra_rem + remu_espec
26,sueldos,"N (12,2)",NOT NULL,,"Σ de ingresos.ing_tri cuando clave está en {P001, P002, P011,  P014, P018, P067}"
27,horas_extr,"N (12,2)",NOT NULL,,Σ de ingresos.ing_tri cuando clave está en {P004}
28,comisiones,"N (12,2)",NOT NULL,,Σ de ingresos.ing_tri cuando clave está en {P003}
29,aguinaldo,"N (12,2)",NOT NULL,,"Σ de ingresos.ing_tri cuando clave está en {P008, P009, P015,  P016}"
30,indemtrab,"N (12,2)",NOT NULL,,"Σ de ingresos.ing_tri cuando clave está en {P035, P036}"
31,otra_rem,"N (12,2)",NOT NULL,,"Σ de ingresos.ing_tri cuando clave está en {P005,..., P007, P013, P020}"
32,remu_espec,"N (12,2)",NOT NULL,,"Σ de gastospersona.gas_nm_tri cuando tipogasto está en {G4} y clave no está en {Q001,...,Q016, K038,...,K045}"
33,negocio,"N (12,2)",NOT NULL,,noagrope + agrope
34,noagrop,"N (12,2)",NOT NULL,,Industria + comercio + servicios
35,industria,"N (12,2)",NOT NULL,,"Σ de ingresos.ing_tri cuando clave está en {P068, P075}"
36,comercio,"N (12,2)",NOT NULL,,"Σ de ingresos.ing_tri cuando clave está en {P069, P076}"
37,servicios,"N (12,2)",NOT NULL,,"Σ de ingresos.ing_tri cuando clave está en {P070, P077}"
38,agrope,"N (12,2)",NOT NULL,,agricolas + pecuarios + reproducc + pesca
39,agricolas,"N (12,2)",NOT NULL,,"Σ de ingresos.ing_tri cuando clave está en {P071, P078}"
40,pecuarios,"N (12,2)",NOT NULL,,"Σ de ingresos.ing_tri cuando clave está en {P072, P079}"
41,reproducc,"N (12,2)",NOT NULL,,"Σ de ingresos.ing_tri cuando clave está en {P073, P080}"
42,pesca,"N (12,2)",NOT NULL,,"Σ de ingresos.ing_tri cuando clave está en {P074, P081}"
43,otros_trab,"N (12,2)",NOT NULL,,"Σ de ingresos.ing_tri cuando clave está en {P021, P022}"
44,rentas,"N (12,2)",NOT NULL,,utilidad + arrenda
45,utilidad,"N (12,2)",NOT NULL,,"Σ de ingresos.ing_tri cuando clave está en {P012, P019}"
46,arrenda,"N (12,2)",NOT NULL,,"Σ de ingresos.ing_tri cuando clave está en {P023,...,P031}"
47,transfer,"N (12,2)",NOT NULL,,jubilacion + becas + donativos + remesas + bene_gob + transf_hog + trans_inst
48,jubilacion,"N (12,2)",NOT NULL,,"Σ de ingresos.ing_tri cuando clave está en {P032,P033}"
49,becas,"N (12,2)",NOT NULL,,"Σ de ingresos.ing_tri cuando clave está en {P037, P038}"
50,donativos,"N (12,2)",NOT NULL,,"Σ de ingresos.ing_tri cuando clave está en {P039, P040}"
51,remesas,"N (12,2)",NOT NULL,,Σ de ingresos.ing_tri cuando clave está en {P041}
52,bene_gob,"N (12,2)",NOT NULL,,"Σ de ingresos.ing_tri cuando clave está en {P043, P045, P048, P101,…,P108}"
53,transf_hog,"N (12,2)",NOT NULL,,"Σ de gastoshogar.gas_nm_tri  cuando tipogasto  está en {G5} y clave no está en {Q001,...,Q016, K038,...,K045}  y  frecuencia es diferente de 5"
54,trans_inst,"N (12,2)",NOT NULL,,"Σ de gastoshogar.gas_nm_tri  cuando tipogasto  está en {G6} y clave no está en {Q001,...,Q016, K038,...,K045}"
55,estim_alqu,"N (12,2)",NOT NULL,,Σ de gastoshogar.gas_nm_tri  cuando tipogasto  está en {G7}
56,otros_ing,"N (12,2)",NOT NULL,,Σ de ingresos.ing_tri cuando clave está en {P049}
57,gasto_mon,"N (12,2)",NOT NULL,,alimentos + vesti_calz + vivienda + limpieza + salud + transporte + educa_espa + personales + transf_gas
58,alimentos,"N (12,2)",NOT NULL,,ali_dentro + ali_fuera + tabaco
59,ali_dentro,"N (12,2)",NOT NULL,,cereales + carnes + pescado + leche + huevo + aceites + tuberculo + verduras + frutas + azucar + cafe + especias + otros_alim + bebidas
60,cereales,"N (12,2)",NOT NULL,,"Σ de gastoshogar.gasto_tri cuando clave está en {A001,...,A024} mas
Σ de gastospersona.gasto_tri cuando clave está en {A001,...,A024}"
61,carnes,"N (12,2)",NOT NULL,,"Σ de gastoshogar.gasto_tri cuando clave está en {A025,...,A065} mas
Σ de gastospersona.gasto_tri cuando clave está en {A025,...,A065}"
62,pescado,"N (12,2)",NOT NULL,,"Σ de gastoshogar.gasto_tri cuando clave está en {A066,...,A074} mas
Σ de gastospersona.gasto_tri cuando clave está en {A066,...,A074}"
63,leche,"N (12,2)",NOT NULL,,"Σ de gastoshogar.gasto_tri cuando clave está en {A075,...,A092} mas
Σ de gastospersona.gasto_tri cuando clave está en {A075,...,A092}"
64,huevo,"N (12,2)",NOT NULL,,"Σ de gastoshogar.gasto_tri cuando clave está en {A093,A094} mas
Σ de gastospersona.gasto_tri cuando clave está en {A093,A094}"
65,aceites,"N (12,2)",NOT NULL,,"Σ de gastoshogar.gasto_tri cuando clave está en {A095,...,A100} mas
Σ de gastospersona.gasto_tri cuando clave está en {A095,...,A100}"
66,tuberculo,"N (12,2)",NOT NULL,,"Σ de gastoshogar.gasto_tri cuando clave está en {A101,...,A106} mas
Σ de gastospersona.gasto_tri cuando clave está en {A101,...,A106}"
67,verduras,"N (12,2)",NOT NULL,,"Σ de gastoshogar.gasto_tri cuando clave está en {A107,...,A146} mas
Σ de gastospersona.gasto_tri cuando clave está en {A107,...,A146}"
68,frutas,"N (12,2)",NOT NULL,,"Σ de gastoshogar.gasto_tri cuando clave está en {A147,...,A172} mas
Σ de gastospersona.gasto_tri cuando clave está en {A147,...,A172}"
69,azucar,"N (12,2)",NOT NULL,,"Σ de gastoshogar.gasto_tri cuando clave está en {A173,...,A175} mas
Σ de gastospersona.gasto_tri cuando clave está en {A173,...,A175}"
70,cafe,"N (12,2)",NOT NULL,,"Σ de gastoshogar.gasto_tri cuando clave está en {A176,...,A182} mas
Σ de gastospersona.gasto_tri cuando clave está en {A176,...,A182}"
71,especias,"N (12,2)",NOT NULL,,"Σ de gastoshogar.gasto_tri cuando clave está en {A183,...,A194} mas
Σ de gastospersona.gasto_tri cuando clave está en {A183,...,A194}"
72,otros_alim,"N (12,2)",NOT NULL,,"Σ de gastoshogar.gasto_tri cuando clave está en {A195,...,A214,A242} mas
Σ de gastospersona.gasto_tri cuando clave está en {A195,...,A214, A242}"
73,bebidas,"N (12,2)",NOT NULL,,"Σ de gastoshogar.gasto_tri cuando clave está en {A215,...,A238} mas
Σ de gastospersona.gasto_tri cuando clave está en {A215,...,A238}"
74,ali_fuera,"N (12,2)",NOT NULL,,"Σ de gastoshogar.gasto_tri cuando clave está en {A243,...,A247} mas
Σ de gastospersona.gasto_tri cuando clave está en {A243,...,A247}"
75,tabaco,"N (12,2)",NOT NULL,,"Σ de gastoshogar.gasto_tri cuando clave está en {A239,...,A241} mas
Σ de gastospersona.gasto_tri cuando clave está en {A239,...,A241}"
76,vesti_calz,"N (12,2)",NOT NULL,,vestido + calzado
77,vestido,"N (12,2)",NOT NULL,,"Σ de gastoshogar.gasto_tri cuando clave está en {H001,...,H083,H136} mas
Σ de gastospersona.gasto_tri cuando clave está en {H001,...,H083,H136}"
78,calzado,"N (12,2)",NOT NULL,,"Σ de gastoshogar.gasto_tri cuando clave está en {H084,...,H122} mas
Σ de gastospersona.gasto_tri cuando clave está en {H084,...,H122}"
79,vivienda,"N (12,2)",NOT NULL,,alquiler + pred_cons + agua + energia
80,alquiler,"N (12,2)",NOT NULL,,"Σ de gastoshogar.gasto_tri cuando clave está en {G001,...,G004,G101} mas
Σ de gastospersona.gasto_tri cuando clave está en {G001,...,G004}"
81,pred_cons,"N (12,2)",NOT NULL,,"Σ de gastoshogar.gasto_tri cuando clave está en {G005,...,G008,R004} mas
Σ de gastospersona.gasto_tri cuando clave está en {G005,...,G008,R004}"
82,agua,"N (12,2)",NOT NULL,,"Σ de gastoshogar.gasto_tri cuando clave está en {R002} mas
Σ de gastospersona.gasto_tri cuando clave está en {R002}"
83,energia,"N (12,2)",NOT NULL,,"Σ de gastoshogar.gasto_tri cuando clave está en {G009,...,G016,R001,R003} mas
Σ de gastospersona.gasto_tri cuando clave está en {G009,...,G016,R001,R003}"
84,limpieza,"N (12,2)",NOT NULL,,cuidados + utensilios + enseres
85,cuidados,"N (12,2)",NOT NULL,,"Σ de gastoshogar.gasto_tri cuando clave está en {C001,...,C024} mas
Σ de gastospersona.gasto_tri cuando clave está en {C001,...,C024}"
86,utensilios,"N (12,2)",NOT NULL,,"Σ de gastoshogar.gasto_tri cuando clave está en {I001,...,I026} mas
Σ de gastospersona.gasto_tri cuando clave está en {I001,...,I026}"
87,enseres,"N (12,2)",NOT NULL,,"Σ de gastoshogar.gasto_tri cuando clave está en {K001,...,K037} mas
Σ de gastospersona.gasto_tri cuando clave está en {K001,...,K037}"
88,salud,"N (12,2)",NOT NULL,,atenc_ambu + hospital + medicinas
89,atenc_ambu,"N (12,2)",NOT NULL,,"Σ de gastoshogar.gasto_tri cuando clave está en {J016,...,J043} mas
Σ de gastospersona.gasto_tri cuando clave está en {J016,...,J043}"
90,hospital,"N (12,2)",NOT NULL,,"Σ de gastoshogar.gasto_tri cuando clave está en {J001,...,J015,J070,...,J072} mas
Σ de gastospersona.gasto_tri cuando clave está en {J001,...,J015,J070,...,J072}"
91,medicinas,"N (12,2)",NOT NULL,,"Σ de gastoshogar.gasto_tri cuando clave está en {J044,...,J069} mas
Σ de gastospersona.gasto_tri cuando clave está en {J044,...,J069}"
92,transporte,"N (12,2)",NOT NULL,,publico + foraneo + adqui_vehi + mantenim + comunica
93,publico,"N (12,2)",NOT NULL,,"Σ de gastoshogar.gasto_tri cuando clave está en {B001,...,B007} mas
Σ de gastospersona.gasto_tri cuando clave está en {B001,...,B007}"
94,foraneo,"N (12,2)",NOT NULL,,"Σ de gastoshogar.gasto_tri cuando clave está en {M001,...,M006} mas
Σ de gastospersona.gasto_tri cuando clave está en {M001,...,M006}"
95,adqui_vehi,"N (12,2)",NOT NULL,,"Σ de gastoshogar.gasto_tri cuando clave está en {M007,...,M011} mas
Σ de gastospersona.gasto_tri cuando clave está en {M007,...,M011}"
96,mantenim,"N (12,2)",NOT NULL,,refaccion + combus
97,refaccion,"N (12,2)",NOT NULL,,"Σ de gastoshogar.gasto_tri cuando clave está en {M012,...,M018} mas
Σ de gastospersona.gasto_tri cuando clave está en {M012,...,M018}"
98,combus,"N (12,2)",NOT NULL,,"Σ de gastoshogar.gasto_tri cuando clave está en {F007,...,F014} mas
Σ de gastospersona.gasto_tri cuando clave está en {F007,...,F014}"
99,comunica,"N (12,2)",NOT NULL,,"Σ de gastoshogar.gasto_tri cuando clave está en {F001,...,F006,R005,...,R008,R010,R011} mas
Σ de gastospersona.gasto_tri cuando clave está en {F001,...,F006,R005,...,R008,R010,R011}"
100,educa_espa,"N (12,2)",NOT NULL,,educacion + esparci + paq_turist
101,educacion,"N (12,2)",NOT NULL,,"Σ de gastoshogar.gasto_tri cuando clave está en {E001,...,E021,H134,H135} mas
Σ de gastospersona.gasto_tri cuando clave está en {E001,...,E021,H134,H135}"
102,esparci,"N (12,2)",NOT NULL,,"Σ de gastoshogar.gasto_tri cuando clave está en {E022,...,E034,L001,...,L029,R009} mas
Σ de gastospersona.gasto_tri cuando clave está en {E022,...,E034,L001,...,L029,R009}"
103,paq_turist,"N (12,2)",NOT NULL,,"Σ de gastoshogar.gasto_tri cuando clave está en {N003,N004} mas
Σ de gastospersona.gasto_tri cuando clave está en {N003,N004}"
104,personales,"N (12,2)",NOT NULL,,cuida_pers + acces_pers + otros_gas
105,cuida_pers,"N (12,2)",NOT NULL,,"Σ de gastoshogar.gasto_tri cuando clave está en {D001,...,D026,H132} mas
Σ de gastospersona.gasto_tri cuando clave está en {D001,...,D026,H132}"
106,acces_pers,"N (12,2)",NOT NULL,,"Σ de gastoshogar.gasto_tri cuando clave está en {H123,...,H131,H133} mas
Σ de gastospersona.gasto_tri cuando clave está en {H123,...,H131,H133}"
107,otros_gas,"N (12,2)",NOT NULL,,"Σ de gastoshogar.gasto_tri cuando clave está en {N001,N002,N005,...,N010,R012,R013} mas
Σ de gastospersona.gasto_tri cuando clave está en {N001,N002,N005,...,N010,R012,R013}"
108,transf_gas,"N (12,2)",NOT NULL,,"Σ de gastoshogar.gasto_tri cuando clave está en {N011,...,N016,T901,...,T915} mas
Σ de gastospersona.gasto_tri cuando clave está en {N011,...,N016,T901,...,T915}"
109,percep_tot,"N (12,2)",NOT NULL,,retiro_inv + prestamos + otras_perc + ero_nm_viv + ero_nm_hog
110,retiro_inv,"N (12,2)",NOT NULL,,Σ de ingresos.ing_tri cuando clave está en {P051}
111,prestamos,"N (12,2)",NOT NULL,,Σ de ingresos.ing_tri cuando clave está en {P053}
112,otras_perc,"N (12,2)",NOT NULL,,"Σ de ingresos.ing_tri cuando clave está en {P052, P054,..., P066}"
113,ero_nm_viv,"N (12,2)",NOT NULL,,"Σ de gastoshogar.gas_nm_tri  cuando tipogasto está en {G5, G6} y clave está en {Q001,...,Q016, K038,...,K045}  mas Σ de gastospersona.gas_nm_tri  cuando tipogasto está en {G4} y clave está  en {Q001,...,Q016, K038,...,K045}"
114,ero_nm_hog,"N (12,2)",NOT NULL,,"Σ de gastoshogar.gas_nm_tri  cuando tipogasto  está en {G5} y clave no está en {Q001,...,Q016, K038,...,K045}  y  frecuencia es igual a 5"
115,erogac_tot,"N (12,2)",NOT NULL,,cuota_viv + mater_serv + deposito + prest_terc + pago_tarje + deudas + balance + otras_erog
116,cuota_viv,"N (12,2)",NOT NULL,,Σ de erogaciones.ero_tri  cuando clave está en {Q100}
117,mater_serv,"N (12,2)",NOT NULL,,material + servicio
118,material,"N (12,2)",NOT NULL,,"Σ de gastoshogar.gasto_tri cuando clave está en {K038, K040, K042, K044} mas
Σ de gastospersona.gasto_tri cuando clave está en {K038, K040, K042, K044}"
119,servicio,"N (12,2)",NOT NULL,,"Σ de gastoshogar.gasto_tri cuando clave está en {K039, K041, K043, K045} mas
Σ de gastospersona.gasto_tri cuando clave está en {K039, K041, K043, K045}"
120,deposito,"N (12,2)",NOT NULL,,"Σ de erogaciones.ero_tri cuando clave está en {Q001} mas
Σ de gastoshogar.gasto_tri cuando clave está en {Q001} mas
Σ de gastospersona.gasto_tri cuando clave está en {Q001}"
121,prest_terc,"N (12,2)",NOT NULL,,"Σ de erogaciones.ero_tri cuando clave está en {Q002} mas
Σ de gastoshogar.gasto_tri cuando clave está en {Q002}mas
Σ de gastospersona.gasto_tri cuando clave está en {Q002}"
122,pago_tarje,"N (12,2)",NOT NULL,,"Σ de erogaciones.ero_tri cuando clave está en {Q003} mas
Σ de gastoshogar.gasto_tri cuando clave está en {Q003}mas
Σ de gastospersona.gasto_tri cuando clave está en {Q003}"
123,deudas,"N (12,2)",NOT NULL,,"Σ de erogaciones.ero_tri cuando clave está en {Q004} mas
Σ de gastoshogar.gasto_tri cuando clave está en {Q004}mas
Σ de gastospersona.gasto_tri cuando clave está en {Q004}"
124,balance,"N (12,2)",NOT NULL,,Σ de erogaciones.ero_tri  cuando clave está en {Q014}
125,otras_erog,"N (12,2)",NOT NULL,,"Σ de erogaciones.ero_tri cuando clave está en {Q005,...,Q013,Q015,Q016} mas
Σ de gastoshogar.gasto_tri cuando clave está en {Q005,...,Q013,Q015,Q016,T916}mas
Σ de gastospersona.gasto_tri cuando clave está en {Q005,...,Q013,Q015,Q016}"
126,smg,"N (6,2)",NOT NULL,,Construcción smg
,,,,,
,,,,,
Construcción clase_hog,,,,,
Se clasifican los integrantes del hogar de acuerdo con sus claves de parentesco de la tabla de Poblacion:,,,,,
Jefe,,Contar a las personas del hogar con parentesco igual a 101,,,
Esposa,,Contar a las personas del hogar con parentesco de 201 a 205,,,
Hijos,,Contar a las personas del hogar con parentesco de 301 a 304,,,
Parientes,,Contar a las personas del hogar con parentesco de 601 a 623,,,
NoParientes,,Contar a las personas del hogar con parentesco de 501 a 503,,,
Unipersonal,,clase_hog = 1 (Si Jefe = 1 y Esposa = 0 y Hijos = 0 y Parientes = 0 y NoParientes = 0),,,
Nuclear,,clase_hog = 2 (Si Jefe = 1 y (Esposa > 0 o Hijos > 0) y Parientes = 0 y NoParientes = 0),,,
Ampliado,,clase_hog = 3 (Si Jefe = 1 y (Esposa > 0 o Hijos > 0 o Parientes > 0) y NoParientes = 0),,,
Compuesto,,clase_hog = 4 (Si Jefe = 1 y (Esposa > 0 o Hijos > 0 o Parientes > 0) y NoParientes > 0),,,
Corresidente,,clase_hog = 5 (Si Jefe = 1 y Esposa = 0 y Hijos = 0 y Parientes = 0 y NoParientes > 0),,,
,,,,,
,,,,,
Construcción educa_jefe,,,,,
"Se obtienen las variables nivelaprob, gradoaprob y antec_esc de la tabla Poblacion donde parentesco=101",,,,,
Sin instrucción,,educa_jefe = 1 (Si nivelaprob = 0),,,
Preescolar,,educa_jefe = 2 (Si nivelaprob = 1),,,
Primaria incompleta,,educa_jefe = 3 (Si nivelaprob = 2 y gradoaprob < 6),,,
Primaria completa,,educa_jefe = 4 (Si nivelaprob = 2 y gradoaprob = 6) ó ((nivelaprob = 5 ó nivelaprob = 6) y antec_esc = 1),,,
Secundaria incompleta,,educa_jefe = 5 (Si nivelaprob = 3 y gradoaprob < 3),,,
Secundaria completa,,educa_jefe = 6 (Si nivelaprob = 3 y gradoaprob = 3) ó ((nivelaprob = 5 ó nivelaprob = 6) y antec_esc = 2),,,
Preparatoria incompleta,,educa_jefe = 7 (Si nivelaprob = 4 y gradoaprob < 3),,,
Preparatoria completa,,educa_jefe = 8 (Si nivelaprob = 4 y gradoaprob = 3) ó ((nivelaprob = 5 ó nivelaprob = 6) y antec_esc = 3),,,
Profesional incompleta,,educa_jefe = 9 (Si nivelaprob = 7 y gradoaprob < 4),,,
Profesional completa,,educa_jefe = 10 (Si nivelaprob = 7 y gradoaprob >= 4) ó ((nivelaprob = 5 ó nivelaprob = 6) y antec_esc = 4),,,
Posgrado,,educa_jefe = 11 (Si nivelaprob = 8 ó nivelaprob = 9) ó ((nivelaprob = 5 ó nivelaprob = 6) y antec_esc = 5),,,
,,,,,
,,,,,
Construcción smg,,,,,
"Para todos los registros smg= 15,558.3

*SALARIO MÍNIMO GENERAL 2022.
*Fuente:Comisión Nacional de los Salarios Mínimos
https://www.gob.mx/conasami/es/articulos/se-publican-en-el-diario-oficial-de-la-federacion-los-salarios-minimos-vigentes-a-partir-del-1-de-enero-de-2022

*Validez:2022, a partir del 1 de enero
*Área geográfica ÚNICA diario:$172.87, trimestral:$15,558.30",,,,,
