﻿Tabla:,,AGRO,,,,,
,,,,,,,
Insumos:,,,,,,,
"TR_ENIGHN2020C14_AGRO
TR_ENIGHN2020C14_AGROGASTO
TR_ENIGHN2020C14_NVOPROGSOC",,,,,,,
,,,,,,,
Construcción general:,,,,,,,
"Construir la variable de gas_neg en la tabla TR_ENIGHN2020C14_AGROGASTO y agregarla a la tabla TR_ENIGHN2020C14_AGRO, construir las demás variables de la lista.
Se renombran las variables (para explotación) de acuerdo a la lista de variables.
Se crean las variables nvo_prog1, nvo_prog2 y nvo_prog3, donde se integran los programas sociales de la tabla TR_ENIGHN2020C14_NVOPROGSOC, según si la actividad empata con la declarada en el programa, de lo contrario se agrega a la actividad principal declarada.",,,,,,,
,,,,,,,
Lista de variables:,,,,,,,
#,Variable,,,Tipo,Categorías / valores nulos,,Construcción / Observaciones
,Explotación,Validación,Nemónico DWH,,Valor,Etiqueta,
1,folioviv,FOLIOVIV,IDENTIFICADOR_VIVIENDA,C (10),NOT NULL,,"Identificador de la vivienda compuesto por dos dígitos con la clave de la entidad federativa, uno con el ámbito (urbano, código diferente a 6; rural, código 6), cuatro dígitos del número consecutivo de la upm, un dígito de la decena de levantamiento y dos dígitos con un número consecutivo para la vivienda seleccionada."
2,foliohog,FOLIOHOG,IDENTIFICADOR_HOGAR,C (1),NOT NULL,,"Identificador del hogar, el código 1 identifica al hogar principal y del 2 al 5 los hogares adicionales"
3,numren,NUMREN,IDENTIFICADOR_PERSONA,C (2),NOT NULL,,Número consecutivo en el registro de personas del hogar
4,id_trabajo,NUMTRAB,IDENTIFICADOR_TRABAJO,C (1),NOT NULL,,
,,,,,1,Trabajo principal,
,,,,,2,Trabajo secundario,
5,tipoact,TIPOACT,TIPO_ACTIVIDAD,C (1),NOT NULL,,
,,,,,4,Actividades agrícolas,
,,,,,5,Actividades de cría y explotación de animales,
,,,,,6,Actividades de recolección,
,,,,,7,Reforestación y tala de arboles,
,,,,,8,Actividades de caza y captura de animales,
,,,,,9,Actividades de pesca,
6,cose_cria,COSE_CRIA,COSECHA_CRÍA,C (1),NOT NULL,,
,,,,,1,Sí,
,,,,,2,No,
7,prep_deriv,PREP_DERIV,PREPARACIÓN_DERIVADOS,C (1),NULL,,
,,,,,1,Sí,
,,,,,2,No,
8,otro_pago,OTROPAGO,FORMA_PAGO_ALTERNA,C (1),NOT NULL,,
,,,,,1,Sí,
,,,,,2,No,
9,fpago_1,FPAGO_1,DOMICILIACIÓN,C (1),NULL,,
,,,,,1,Domiciliación,
10,fpago_2,FPAGO_2,TRANSFERENCIA_ELECTRÓNICA,C (1),NULL,,
,,,,,2,Transferencia electrónica de fondos,
11,fpago_3,FPAGO_3,TARJETA_CRÉDITO,C (1),NULL,,
,,,,,3,Tarjeta de crédito,
12,fpago_4,FPAGO_4,TARJETA_DÉBITO,C (1),NULL,,
,,,,,4,Tarjeta de débito,
13,fpago_5,FPAGO_5,CHEQUE,C (1),NULL,,
,,,,,5,Cheque,
14,fpago_6,FPAGO_6,VALE,C (1),NULL,,
,,,,,6,Vale,
15,fpago_7,FPAGO_7,PAGO_MÓVIL,C (1),NULL,,
,,,,,7,Pago móvil,
16,fpago_8,FPAGO_8,OTRA_FORMA_PAGO,C (1),NULL,,
,,,,,8,Otro,
17,nofpago,NOFPAGO,NO_ACEPTA_FORMA_PAGO_ALTERNA,C (1),NULL,,
,,,,,1,Tamaño del negocio,
,,,,,2,Desconocimiento de otras modalidades,
,,,,,3,Por costos de operación,
,,,,,4,Falta de infraestructura o equipo,
,,,,,5,Desconfianza de otras formas de pago,
,,,,,6,No lo cree necesario,
,,,,,7,Otro,
18,t_emp,T_EMP,PERSONAL_TOTAL,N (2),NOT NULL,,
19,h_emp,H_EMP,PERSONAL_HOMBRES,N (2),NULL,,
20,m_emp,M_EMP,PERSONAL_MUJERES,N (2),NULL,,
21,t_cpago,T_CPAGO,PERSONAL_CON_PAGO,N (2),NULL,,
22,h_cpago,H_CPAGO,HOMBRES_CON_PAGO,N (2),NULL,,
23,m_cpago,M_CPAGO,MUJERES_CON_PAGO,N (2),NULL,,
24,t_ispago,T_ISPAGO,INTEGRANTES_DEL_HOGAR_SIN_PAGO,N (2),NULL,,
25,h_ispago,H_ISPAGO,HOMBRES_INTEGRANTES_SIN_PAGO,N (2),NULL,,
26,m_ispago,M_ISPAGO,MUJERES_INTEGRANTES_SIN_PAGO,N (2),NULL,,
27,t_nispago,T_NISPAGO,NO_INTEGRANTES_HOGAR_SIN_PAGO,N (2),NULL,,
28,h_nispago,H_NISPAGO,HOMBRES_NO_INTEGRANTES_SIN_PAGO,N (2),NULL,,
29,m_nispago,M_NISPAGO,MUJERES_NO_INTEGRANTES_SIN_PAGO,N (2),NULL,,
30,valrema,VALREMA,VALOR_DE_PRODUCTOS_REMANENTE,N (9),NULL,,
31,valproc,VALPROC,VALOR_DE_PRODUCTOS_PROCESO,N (9),NULL,,
32,apoyo,APOYO,APOYO_NEGOCIOS,C (1),NOT NULL,,
,,,,,1,Sí,
,,,,,2,No,
33,apoyo_1,APOYO_1,APOYO_FEDERAL_COMPROMISO_PAGO,N (9),NULL,,
34,apoyo_2,APOYO_2,APOYO_ESTATAL_COMPROMISO_PAGO,N (9),NULL,,
35,apoyo_3,APOYO_3,APOYO_MUNICIPAL_COMPROMISO_PAGO,N (9),NULL,,
36,apoyo_4,APOYO_4,APOYO_FEDERAL_SIN_COMPROMISO_PAGO,N (9),NULL,,
37,apoyo_5,APOYO_5,APOYO_ESTATAL_SIN_COMPROMISO_PAGO,N (9),NULL,,
38,apoyo_6,APOYO_6,APOYO_MUNICIPAL_SIN_COMPROMISO_PAGO,N (9),NULL,,
39,apoyo_7,APOYO_7,APOYO_NO_GOBIERNO_COMPROMISO_PAGO,N (9),NULL,,
40,apoyo_8,APOYO_8,APOYO_NO_GOBIERNO_SIN_COMPROMISO_PAGO,N (9),NULL,,
41,proagro,PROCAMPO,APOYO_PROCAMPO_PROAGRO,N (9),NULL,,
42,mesproc,MESPROC,MES_PROCAMPO_PROAGRO,C (2),NULL,,
,,,,,01,enero,
,,,,,02,febrero,
,,,,,03,marzo,
,,,,,04,abril,
,,,,,05,mayo,
,,,,,06,junio,
,,,,,07,julio,
,,,,,08,agosto,
,,,,,09,septiembre,
,,,,,10,octubre,
,,,,,11,noviembre,
,,,,,12,diciembre,
43,progan,PROGAN,APOYO_PROGAN,N (9),NULL,,
44,mesprogan,MESPROGAN,MES_PROGAN,C (2),NULL,,
,,,,,01,enero,
,,,,,02,febrero,
,,,,,03,marzo,
,,,,,04,abril,
,,,,,05,mayo,
,,,,,06,junio,
,,,,,07,julio,
,,,,,08,agosto,
,,,,,09,septiembre,
,,,,,10,octubre,
,,,,,11,noviembre,
,,,,,12,diciembre,
45,nvo_apoyo,NVO_APOYO,NUEVO_APOYO_SOCIAL,C (1),NOT NULL,,
,,,,,1,Sí,
,,,,,2,No,
46,nvo_prog1,,PRIMER_PROGRAMA_SOCIAL,C (4),NULL,,"NOTA: Las variables de la tabla TR_ENIGHN2020C14_NVOPROGSOC se convirtieron en categorías, al encontrar un máximo de  3 apoyos a los negocios, se crea las variables NVO_PROG1, NVO_PROG2 Y NVO_PROG3."
,,,,,2001,Sembrando Vida,
,,,,,2002,Sembrando Vida,
,,,,,2003,Tandas para el Bienestar (Microcréditos para el Bienestar),
,,,,,2004,Tandas para el Bienestar (Microcréditos para el Bienestar),
,,,,,2005,Agromercados Sociales y Sustentables,
,,,,,2006,Agromercados Sociales y Sustentables,
,,,,,2007,Precios de Garantía a Productos Alimentarios Básicos,
,,,,,2008,Precios de Garantía a Productos Alimentarios Básicos,
,,,,,2009,Crédito Ganadero a la Palabra,
,,,,,2010,Crédito Ganadero a la Palabra,
,,,,,2011,Nacional de Fertilizantes,
,,,,,2012,Nacional de Fertilizantes,
,,,,,2013,Desarrollo Rural,
,,,,,2014,Desarrollo Rural,
,,,,,2015,Otros programas sociales,
,,,,,2016,Otros programas sociales,
47,nvo_act1,"ACT_2001
ACT_2002
ACT_2003
ACT_2004
ACT_2005
ACT_2006
ACT_2007
ACT_2008
ACT_2009
ACT_2010
ACT_2011
ACT_2012
ACT_2013
ACT_2014
ACT_2015
ACT_2016",ACTIVIDAD_PRIMER_PROGRAMA_SOCIAL,C (1),NULL,,
,,,,,1,Industrial,
,,,,,2,Comercial,
,,,,,3,De servicios,
,,,,,4,Actividades agrícolas,
,,,,,5,Actividades de cría y explotación de animales,
,,,,,6,Actividades de recolección,
,,,,,7,Reforestación y tala de árboles,
,,,,,8,Actividades de caza y captura de animales,
,,,,,9,Actividades de pesca,
48,nvo_cant1,"CVE_2001
CVE_2002
CVE_2003
CVE_2004
CVE_2005
CVE_2006
CVE_2007
CVE_2008
CVE_2009
CVE_2010
CVE_2011
CVE_2012
CVE_2013
CVE_2014
CVE_2015
CVE_2016",INGRESO_PRIMER_PROGRAMA_SOCIAL,N (9),NULL,,
49,nvo_prog2,,SEGUNDO_PROGRAMA_SOCIAL,C (4),NULL,,"NOTA: Las variables de la tabla TR_ENIGHN2020C14_NVOPROGSOC se convirtieron en categorías, al encontrar un máximo de  3 apoyos a los negocios, se crea las variables NVO_PROG1, NVO_PROG2 Y NVO_PROG3."
,,,,,2001,Sembrando Vida,
,,,,,2002,Sembrando Vida,
,,,,,2003,Tandas para el Bienestar (Microcréditos para el Bienestar),
,,,,,2004,Tandas para el Bienestar (Microcréditos para el Bienestar),
,,,,,2005,Agromercados Sociales y Sustentables,
,,,,,2006,Agromercados Sociales y Sustentables,
,,,,,2007,Precios de Garantía a Productos Alimentarios Básicos,
,,,,,2008,Precios de Garantía a Productos Alimentarios Básicos,
,,,,,2009,Crédito Ganadero a la Palabra,
,,,,,2010,Crédito Ganadero a la Palabra,
,,,,,2011,Nacional de Fertilizantes,
,,,,,2012,Nacional de Fertilizantes,
,,,,,2013,Desarrollo Rural,
,,,,,2014,Desarrollo Rural,
,,,,,2015,Otros programas sociales,
,,,,,2016,Otros programas sociales,
50,nvo_act2,"ACT_2001
ACT_2002
ACT_2003
ACT_2004
ACT_2005
ACT_2006
ACT_2007
ACT_2008
ACT_2009
ACT_2010
ACT_2011
ACT_2012
ACT_2013
ACT_2014
ACT_2015
ACT_2016",ACTIVIDAD_SEGUNDO_PROGRAMA_SOCIAL,C (1),NULL,,
,,,,,1,Industrial,
,,,,,2,Comercial,
,,,,,3,De servicios,
,,,,,4,Actividades agrícolas,
,,,,,5,Actividades de cría y explotación de animales,
,,,,,6,Actividades de recolección,
,,,,,7,Reforestación y tala de árboles,
,,,,,8,Actividades de caza y captura de animales,
,,,,,9,Actividades de pesca,
51,nvo_cant2,"CVE_2001
CVE_2002
CVE_2003
CVE_2004
CVE_2005
CVE_2006
CVE_2007
CVE_2008
CVE_2009
CVE_2010
CVE_2011
CVE_2012
CVE_2013
CVE_2014
CVE_2015
CVE_2016",INGRESO_SEGUNDO_PROGRAMA_SOCIAL,N (9),NULL,,
52,nvo_prog3,,TERCER_PROGRAMA_SOCIAL,C (4),NULL,,"NOTA: Las variables de la tabla TR_ENIGHN2020C14_NVOPROGSOC se convirtieron en categorías, al encontrar un máximo de  3 apoyos a los negocios, se crea las variables NVO_PROG1, NVO_PROG2 Y NVO_PROG3."
,,,,,2001,Sembrando Vida,
,,,,,2002,Sembrando Vida,
,,,,,2003,Tandas para el Bienestar (Microcréditos para el Bienestar),
,,,,,2004,Tandas para el Bienestar (Microcréditos para el Bienestar),
,,,,,2005,Agromercados Sociales y Sustentables,
,,,,,2006,Agromercados Sociales y Sustentables,
,,,,,2007,Precios de Garantía a Productos Alimentarios Básicos,
,,,,,2008,Precios de Garantía a Productos Alimentarios Básicos,
,,,,,2009,Crédito Ganadero a la Palabra,
,,,,,2010,Crédito Ganadero a la Palabra,
,,,,,2011,Nacional de Fertilizantes,
,,,,,2012,Nacional de Fertilizantes,
,,,,,2013,Desarrollo Rural,
,,,,,2014,Desarrollo Rural,
,,,,,2015,Otros programas sociales,
,,,,,2016,Otros programas sociales,
53,nvo_act3,"ACT_2001
ACT_2002
ACT_2003
ACT_2004
ACT_2005
ACT_2006
ACT_2007
ACT_2008
ACT_2009
ACT_2010
ACT_2011
ACT_2012
ACT_2013
ACT_2014
ACT_2015
ACT_2016",ACTIVIDAD_TERCER_PROGRAMA_SOCIAL,C (1),NULL,,
,,,,,1,Industrial,
,,,,,2,Comercial,
,,,,,3,De servicios,
,,,,,4,Actividades agrícolas,
,,,,,5,Actividades de cría y explotación de animales,
,,,,,6,Actividades de recolección,
,,,,,7,Reforestación y tala de árboles,
,,,,,8,Actividades de caza y captura de animales,
,,,,,9,Actividades de pesca,
54,nvo_cant3,"CVE_2001
CVE_2002
CVE_2003
CVE_2004
CVE_2005
CVE_2006
CVE_2007
CVE_2008
CVE_2009
CVE_2010
CVE_2011
CVE_2012
CVE_2013
CVE_2014
CVE_2015
CVE_2016",INGRESO_TERCER_PROGRAMA_SOCIAL,N (9),NULL,,
55,reg_not,REG_NOT,REGISTRO_NOTARIO,C (1),NULL,,
,,,,,1,Sí,
,,,,,2,No,
56,reg_cont,REG_CONT,REGISTRO_CONTABLE,C (1),NULL,,
,,,,,1,Utiliza los servicios profesionales de un contador,
,,,,,2,Utiliza la herramienta electrónica MIS CUENTAS proporcionada por SAT,
,,,,,3,La realiza usted o algún familiar,
,,,,,4,No realiza contabilidad,
57,ventas,,INGRESO_VENTAS,N (10),NOT NULL,,Variable construida (ver nota)
58,autocons,,AUTOCONSUMO_HOGAR,N (10),NOT NULL,,Variable construida (ver nota)
59,otrosnom,,OTROS_MONTOS_NO_MONETARIOS,N (10),NOT NULL,,Variable construida (ver nota) VALOR ESTIMADO DE LOS PRODUCTOS DE INTERCAMBIO
60,gasneg,,GASTO_NEGOCIO,N (10),NOT NULL,,Variable construida (ver nota)
61,ventas_tri,,INGRESO_TRIMESTRAL_VENTAS,"N (12,2)",NOT NULL,,Variable construida (ver nota)
62,auto_tri,,AUTOCONSUMO_TRIMESTRAL,"N (12,2)",NOT NULL,,Variable construida (ver nota)
63,otros_tri,,OTROS_MONTOS_TRIMESTRAL,"N (12,2)",NOT NULL,,Variable construida (ver nota)
64,gasto_tri,,GASTO_NEGOCIO_TRIMESTRAL,"N (12,2)",NOT NULL,,Variable construida (ver nota)
65,ing_tri,,INGRESO_TRIMESTRAL,"N (12,2)",NOT NULL,,Variable construida (ver nota)
66,ero_tri,,EROGACIÓN_TRIMESTRAL,"N (12,2)",NOT NULL,,Variable construida (ver nota)
,,,,,,,
,,,,,,,
,Variable construida con información de la tabla TR_ENIGHN2016_AGROGASTO,,,,,,
,tipoact,clave,,VARIABLE,,,
,4,B00,,gasneg = gasto,,,
,5,C00,,,,,
,"6, 7",D00,,,,,
,8,E00,,,,,
,9,F00,,,,,
,,,,,,,
,,,,,,,
,Variables construida con información de la tabla TR_ENIGHN2020C14_AGRO,,,,,,
,tipoact,VARIABLE,,tipoact,,VARIABLE,
,4,"ventas= SUBTOT1 + SUBTOT2
autocons= SUBTOT3
otrosnom= SUBTOT9",,5 – 9,,"ventas= SUBTOT1
autocons= SUBTOT2
otrosnom= SUBTOT8",
," Nota:  Cuando exista algún SUBTOTAL sin valor, es decir null, se toma con valor cero.",,,,,,
,,,,,,,
,,,,,,,
,"Trimestralización de INGRESOS y GASTOS de los negocios agropecuarios, dependen de la decena.",,,,,,
,PERIODO DE REFERENCIA,DECENA,Factor de ajuste trimestral,Variables,,,
,ANUAL*,2,0.4972375690,"ventas_tri= (ventas / 2) * (factor de ajuste trimestral)
auto_tri= (autocons / 2) * (factor de ajuste trimestral)
otros_tri= (otrosnom / 2) * (factor de ajuste trimestral)
gasto_tri= (gasneg / 2) * (factor de ajuste trimestral)

si ((ventas + autocons + otrosnom) - gasneg) >= 0, entonces
ing_tri = (((ventas + autocons + otrosnom) - gasneg) / 2 ) * (factor de ajuste trimestral) y ero_tri = 0

si ((ventas + autocons + otrosnom) - gasneg) < 0, entonces
ing_tri = 0 y ero_tri = (((ventas + autocons + otrosnom) - gasneg) / 2 ) * (-1)*(factor de ajuste trimestral)",,,
,,"3 – 5, 9, 0",0.4891304347,,,,
,,6 – 8,0.4918032786,,,,
," Nota:  La decena es el dígito 8 de la variable folioviv; no habrá redondeo, sólo truncar a dos decimales.",,,,,,
,*Los ingresos se transforman en semestrales.,,,,,,
