﻿lenguaind,descripcion
"0111","Paipai"
"0112","Kiliwa"
"0115","Kumiai"
"0131","Chontal de Oaxaca"
"0200","Chinanteco"
"0211","Chinanteco de Ojitlán"
"0212","Chinanteco de Usila"
"0222","Chinanteco de Yolox"
"0223","Chinanteco de Sochiapan"
"0231","Chinanteco de Palantla"
"0232","Chinanteco de Valle Nacional"
"0241","Chinanteco de Lalana"
"0243","Chinanteco de Petlapa"
"0311","Pame"
"0331","Otomí"
"0332","Mazahua"
"0342","Ocuilteco (TLAHUICA)"
"0400","Zapoteco"
"0411","Zapoteco de Ixtlán"
"0412","Zapoteco Vijano"
"0421","Zapoteco Vallista"
"0422","Zapoteco del Istmo"
"0431","Zapoteco de Cuixtla"
"0432","Solteco"
"0433","Zapoteco Sureño"
"0441","Chatino"
"0450","Mixteco"
"0451","Mixteco de la Costa"
"0452","Mixteco de la Mixteca Alta"
"0453","Mixteco de la Mixteca Baja"
"0454","Mixteco de la Zona Mazateca"
"0455","Mixteco de Puebla"
"0456","Tacuate"
"0461","Cuicateco"
"0471","Triqui"
"0481","Amuzgo"
"0482","Amuzgo de Guerrero"
"0483","Amuzgo de Oaxaca"
"0491","Mazateco"
"0493","Ixcateco"
"0494","Popoloca"
"0511","Huave"
"0611","Tlapaneco"
"0711","Totonaca (TOTONACO)"
"0712","Tepehua"
"0800","Popoluca"
"0811","Mixe"
"0812","Popoluca de Oluta"
"0821","Popoluca de la Sierra"
"0822","Popoluca de Texistepec"
"0823","Zoque"
"0911","Huasteco"
"0921","Lacandón"
"0922","Maya"
"0931","Chol (CH´OL)"
"0932","Chontal de Tabasco"
"0933","Tzeltal (TSELTAL)"
"0934","Tzotzil (TSOTSIL)"
"0935","Tojolabal"
"0936","Chuj"
"0941","Mame (MAM)"
"0943","Aguacateco (AWAKATEKO)"
"0951","Motocintleco (QATO´K)"
"0961","Kanjobal (Q´ANJOB´AL)"
"0971","Quiché (K´ICHE´)"
"0972","Cakchiquel (KAQCHIKEL)"
"0981","Kekchi (Q´EQCHI´)"
"1011","Pima"
"1012","Pápago"
"1013","Tepehuano"
"1014","Tepehuano de Chihuahua (TEPEHUANO del Norte)"
"1015","Tepehuano de Durango (TEPEHUANO del Sur)"
"1021","Tarahumara"
"1022","Mayo"
"1023","Yaqui"
"1024","Guarijío"
"1031","Cora"
"1032","Huichol"
"1041","Náhuatl"
"1111","Purépecha (TARASCO)"
"1211","Kikapú (KICKAPOO)"
"1311","Chontal"
"1999","Lengua no especificada"
"5024","Chiapaneco"
"5501","Añu"
"5540","Guajiro"
"5595","Wayuu"
"5603","Otras lenguas indígenas de América"
"9999","Lengua indígena no especificada"