﻿motivo_aus,descripcion
"01","Huelga o paro laboral"
"02","Paro técnico"
"03","Suspensión temporal de sus funciones"
"04","Asistencia a cursos de capacitación"
"05","Vacaciones"
"06","Permiso, enfermedad o arreglo de asuntos personales"
"07","Falta de vehículo o descompostura de máquina"
"08","Falta de materias primas, financiamiento o clientes"
"09","Mal tiempo o fenómeno natural"
"10","Término de temporada de trabajo o cultivo"
"11","Comenzará un trabajo o negocio nuevo"
"12","Otra razón"
"13","Ninguna de las anteriores"