﻿noatenc,descripcion
"01","No hay donde atenderse"
"02","No tenía dinero"
"03","La clínica u hospital queda lejos"
"04","No lo(la) atienden aunque vaya a la unidad médica"
"05","No le tiene confianza al personal de la unidad médica"
"06","Lo(la) trataron mal donde se atiende"
"07","No hablan la misma lengua que usted"
"08","Hay que esperar mucho para ser atendido(a)"
"09","No le dan el medicamento que necesita"
"10","La unidad médica no estaba abierta"
"11","No había médico en la unidad"
"12","Se lo impidió un integrante del hogar"
"13","No tuvo tiempo"
"14","No hubo quién lo llevara"
"15","No quiso o no era necesario"
"16","Se automedicó o autorecetó"