﻿norecib,descripcion
"01","Centros de salud (secretaría de salud)"
"02","Hospital o instituto (secretaría de salud)"
"03","Seguro Social o IMSS"
"04","IMSS-Prospera/IMSS-Bienestar"
"05","ISSSTE"
"06","ISSSTE estatal"
"07","Otro servicio médico público (PEMEX, Defensa, Marina, DIF, INI)"
"08","Consultorios y hospitales privados"
"09","Consultorio de farmacias"
"10","Curandero, hierbero, comadrona, brujo, etcétera"
"11","Otro"
"12","Instituto de salud para el bienestar (INSABI)"