﻿Tabla:,,NOAGROIMPORTES,,,,,
,,,,,,,
Insumos:,,,,,,,
"TR_ENIGHN2020C14_NOAGROCONSUMO
TR_ENIGHN2020C14_NOAGROIMPORTE",,,,,,,
,,,,,,,
Construcción general:,,,,,,,
"De la tabla TR_ENIGHN2020C14_NOAGROCONSUMO renombrar las variables auto_1 a auto_6 por importe_1 a importe_6 respectivamente y añadirla a la tabla TR_ENIGHN2020C14_NOAGROIMPORTE.
Se renombran las variables (para explotación) de acuerdo a la lista de variables.",,,,,,,
,,,,,,,
Lista de variables:,,,,,,,
#,Variable,,,Tipo,Categorías / valores nulos,,Construcción / Observaciones
,Explotación,Validación,Nemónico DWH,,Valor,Etiqueta,
1,folioviv,FOLIOVIV,IDENTIFICADOR_VIVIENDA,C (10),NOT NULL,,"Identificador de la vivienda compuesto por dos dígitos con la clave de la entidad federativa, uno con el ámbito (urbano, código diferente a 6; rural, código 6), cuatro dígitos del número consecutivo de la upm, un dígito de la decena de levantamiento y dos dígitos con un número consecutivo para la vivienda seleccionada."
2,foliohog,FOLIOHOG,IDENTIFICADOR_HOGAR,C (1),NOT NULL,,"Identificador del hogar, el código 1 identifica al hogar principal y del 2 al 5 los hogares adicionales"
3,numren,NUMREN,IDENTIFICADOR_PERSONA,C (2),NOT NULL,,Número consecutivo en el registro de personas del hogar
4,id_trabajo,NUMTRAB,IDENTIFICADOR_TRABAJO,C (1),NOT NULL,,
,,,,,1,Trabajo principal,
,,,,,2,Trabajo secundario,
5,clave,CLAVE,CLASIFICACION_GASTO,C (4),NOT NULL,,Categorías en catálogo de gastos de negocios noagro  y catálogo de gastos
6,mes_1,MES_1,PRIMER_MES_PASADO_GASTO,C (2),NOT NULL,,
,,,,,07,julio,
,,,,,08,agosto,
,,,,,09,septiembre,
,,,,,10,octubre,
7,mes_2,MES_2,SEGUNDO_MES_PASADO_GASTO,C (2),NOT NULL,,
,,,,,06,junio,
,,,,,07,julio,
,,,,,08,agosto,
,,,,,09,septiembre,
8,mes_3,MES_3,TERCER_MES_PASADO_GASTO,C (2),NOT NULL,,
,,,,,05,mayo,
,,,,,06,junio,
,,,,,07,julio,
,,,,,08,agosto,
9,mes_4,MES_4,CUARTO_MES_PASADO_GASTO,C (2),NOT NULL,,
,,,,,04,abril,
,,,,,05,mayo,
,,,,,06,junio,
,,,,,07,julio,
10,mes_5,MES_5,QUINTO_MES_PASADO_GASTO,C (2),NOT NULL,,
,,,,,03,marzo,
,,,,,04,abril,
,,,,,05,mayo,
,,,,,06,junio,
11,mes_6,MES_6,SEXTO_MES_PASADO_GASTO,C (2),NOT NULL,,
,,,,,02,febrero,
,,,,,03,marzo,
,,,,,04,abril,
,,,,,05,mayo,
12,importe_1,IMPORTE_1,IMPORTE_PRIMER_MES_PASADO,N (9),NOT NULL,,
13,importe_2,IMPORTE_2,IMPORTE_SEGUNDO_MES_PASADO,N (9),NOT NULL,,
14,importe_3,IMPORTE_3,IMPORTE_TERCERO_MES_PASADO,N (9),NOT NULL,,
15,importe_4,IMPORTE_4,IMPORTE_CUARTO_MES_PASADO,N (9),NOT NULL,,
16,importe_5,IMPORTE_5,IMPORTE_QUINTO_MES_PASADO,N (9),NOT NULL,,
17,importe_6,IMPORTE_6,IMPORTE_SEXTO_MES_PASADO,N (9),NOT NULL,,
