﻿Tabla:,,POBLACION,,,,
,,,,,,
Insumos:,,,,,,
"TR_ENIGHV2022_PERSONA
TR_ENIGHV2022_CONDOCUPACION",,,,,,
,,,,,,
Construcción general:,,,,,,
"Se crea la variable trabajo_mp (trabajó el mes pasado) a partir de las variables trabajo y verifica.
Agregar de la tabla TR_ENIGHV2022_CONDOCUPACION todas las variables.
Se renombran las variables (para explotación) de acuerdo a la lista de variables.",,,,,,
,,,,,,
Lista de variables:,,,,,,
#,Variable,,Tipo,Categorías / valores nulos,,Construcción / Observaciones
,Explotación,Validación,,Valor,Etiqueta,
1,folioviv,FOLIOVIV,C (10),NOT NULL,,"Identificador de la vivienda compuesto por dos dígitos con la clave de la entidad federativa, uno con el ámbito (urbano, código diferente a 6; rural, código 6), cuatro dígitos del número consecutivo de la upm, un dígito de la decena de levantamiento y dos dígitos con un número consecutivo para la vivienda seleccionada."
2,foliohog,FOLIOHOG,C (1),NOT NULL,,"Identificador del hogar, el código 1 identifica al hogar principal y del 2 al 5 los hogares adicionales"
3,numren,NUMREN,C (2),NOT NULL,,Número consecutivo en el registro de personas del hogar
4,parentesco,PARENTESCO,C (3),NOT NULL,,Categorías en el catálogo de parentesco
5,sexo,SEXO,C (1),NOT NULL,,
,,,,1,Hombre,
,,,,2,Mujer,
6,edad,EDAD,N (3),NOT NULL,,
7,madre_hog,ID_MADRE,C (1),NOT NULL,,
,,,,1,Sí,
,,,,2,No,
8,madre_id,NR_MADRE,C (2),NULL,,el valor &  proveniente de validación se etiqueta como “no especificado” o “perdido por el usuario”
9,padre_hog,ID_PADRE,C (1),NOT NULL,,
,,,,1,Sí,
,,,,2,No,
10,padre_id,NR_PADRE,C (2),NULL,,el valor &  proveniente de validación se etiqueta como “no especificado” o “perdido por el usuario”
11,disc_camin,DISC8,C (1),NULL,,el valor &  proveniente de validación se etiqueta como “Discapacidad no especificada”
,,,,1,No puede hacerlo,
,,,,2,Lo hace con mucha dificultad,
,,,,3,Lo hace con poca dificultad,
,,,,4,No tiene dificultad,
12,disc_ver,DISC7,C (1),NULL,,el valor &  proveniente de validación se etiqueta como “Discapacidad no especificada”
,,,,1,No puede hacerlo,
,,,,2,Lo hace con mucha dificultad,
,,,,3,Lo hace con poca dificultad,
,,,,4,No tiene dificultad,
13,disc_brazo,DISC6,C (1),NULL,,el valor &  proveniente de validación se etiqueta como “Discapacidad no especificada”
,,,,1,No puede hacerlo,
,,,,2,Lo hace con mucha dificultad,
,,,,3,Lo hace con poca dificultad,
,,,,4,No tiene dificultad,
14,disc_apren,DISC5,C (1),NULL,,el valor &  proveniente de validación se etiqueta como “Discapacidad no especificada”
,,,,1,No puede hacerlo,
,,,,2,Lo hace con mucha dificultad,
,,,,3,Lo hace con poca dificultad,
,,,,4,No tiene dificultad,
15,disc_oir,DISC4,C (1),NULL,,el valor &  proveniente de validación se etiqueta como “Discapacidad no especificada”
,,,,1,No puede hacerlo,
,,,,2,Lo hace con mucha dificultad,
,,,,3,Lo hace con poca dificultad,
,,,,4,No tiene dificultad,
16,disc_vest,DISC3,C (1),NULL,,el valor &  proveniente de validación se etiqueta como “Discapacidad no especificada”
,,,,1,No puede hacerlo,
,,,,2,Lo hace con mucha dificultad,
,,,,3,Lo hace con poca dificultad,
,,,,4,No tiene dificultad,
17,disc_habla,DISC2,C (1),NULL,,el valor &  proveniente de validación se etiqueta como “Discapacidad no especificada”
,,,,1,No puede hacerlo,
,,,,2,Lo hace con mucha dificultad,
,,,,3,Lo hace con poca dificultad,
,,,,4,No tiene dificultad,
18,disc_acti,DISC1,C (1),NOT NULL,,el valor &  proveniente de validación se etiqueta como “Discapacidad no especificada”
,,,,1,No puede hacerlo,
,,,,2,Lo hace con mucha dificultad,
,,,,3,Lo hace con poca dificultad,
,,,,4,No tiene dificultad,
19,cau_camin,CAUSA8,C (1),NULL,,el valor &  proveniente de validación se etiqueta como “Discapacidad no especificada”
,,,,1,Por una enfermedad,
,,,,2,Por edad avanzada,
,,,,3,Porque nació así,
,,,,4,Por un accidente,
,,,,5,Por violencia,
,,,,6,Por otra causa,
20,cau_ver,CAUSA7,C (1),NULL,,el valor &  proveniente de validación se etiqueta como “Discapacidad no especificada”
,,,,1,Por una enfermedad,
,,,,2,Por edad avanzada,
,,,,3,Porque nació así,
,,,,4,Por un accidente,
,,,,5,Por violencia,
,,,,6,Por otra causa,
21,cau_brazo,CAUSA6,C (1),NULL,,el valor &  proveniente de validación se etiqueta como “Discapacidad no especificada”
,,,,1,Por una enfermedad,
,,,,2,Por edad avanzada,
,,,,3,Porque nació así,
,,,,4,Por un accidente,
,,,,5,Por violencia,
,,,,6,Por otra causa,
22,cau_apren,CAUSA5,C (1),NULL,,el valor &  proveniente de validación se etiqueta como “Discapacidad no especificada”
,,,,1,Por una enfermedad,
,,,,2,Por edad avanzada,
,,,,3,Porque nació así,
,,,,4,Por un accidente,
,,,,5,Por violencia,
,,,,6,Por otra causa,
23,cau_oir,CAUSA4,C (1),NULL,,el valor &  proveniente de validación se etiqueta como “Discapacidad no especificada”
,,,,1,Por una enfermedad,
,,,,2,Por edad avanzada,
,,,,3,Porque nació así,
,,,,4,Por un accidente,
,,,,5,Por violencia,
,,,,6,Por otra causa,
24,cau_vest,CAUSA3,C (1),NULL,,el valor &  proveniente de validación se etiqueta como “Discapacidad no especificada”
,,,,1,Por una enfermedad,
,,,,2,Por edad avanzada,
,,,,3,Porque nació así,
,,,,4,Por un accidente,
,,,,5,Por violencia,
,,,,6,Por otra causa,
25,cau_habla,CAUSA2,C (1),NULL,,el valor &  proveniente de validación se etiqueta como “Discapacidad no especificada”
,,,,1,Por una enfermedad,
,,,,2,Por edad avanzada,
,,,,3,Porque nació así,
,,,,4,Por un accidente,
,,,,5,Por violencia,
,,,,6,Por otra causa,
26,cau_acti,CAUSA1,C (1),NULL,,el valor &  proveniente de validación se etiqueta como “Discapacidad no especificada”
,,,,1,Por una enfermedad,
,,,,2,Por edad avanzada,
,,,,3,Porque nació así,
,,,,4,Por un accidente,
,,,,5,Por violencia,
,,,,6,Por otra causa,
27,hablaind,HABLAIND,C (1),NULL,,
,,,,1,Sí,
,,,,2,No,
28,lenguaind,LENGUAIND,C (4),NULL,,Categorías en el catálogo de lengua indígena
29,hablaesp,HABLAESP,C (1),NULL,,
,,,,1,Sí,
,,,,2,No,
30,comprenind,COMPRENIND,C (1),NULL,,
,,,,1,Sí,
,,,,2,No,
31,etnia,ETNIA,C (1),NULL,,
,,,,1,Sí,
,,,,2,No,
32,alfabetism,ALFABE,C (1),NULL,,
,,,,1,Sí,
,,,,2,No,
33,asis_esc,ASIS_ESC,C (1),NULL,,
,,,,1,Sí,
,,,,2,No,
34,nivel,NIVEL,C (2),NULL,,
,,,,01,Preescolar,
,,,,02,Estancias infantiles,
,,,,03,"Guarderías públicas (IMSS, ISSSTE, SEDENA, SEMAR, PEMEX)",
,,,,04,Centro de Desarrollo Infantil (CENDI) o Centro Asistencial de Desarrollo Infantil (CADI),
,,,,05,Otras guarderías,
,,,,06,Primaria,
,,,,07,Secundaria,
,,,,08,Carrera técnica con secundaria terminada,
,,,,09,Preparatoria o bachillerato,
,,,,10,Carrera técnica con preparatoria terminada,
,,,,11,Normal,
,,,,12,Profesional,
,,,,13,Maestría o doctorado,
35,grado,GRADO,C (1),NULL,,
,,,,1,Primer año,
,,,,2,Segundo año,
,,,,3,Tercer año,
,,,,4,Cuarto año,
,,,,5,Quinto año,
,,,,6,Sexto año,
36,tipoesc,TIPOESC,C (1),NULL,,
,,,,1,Pública o de gobierno,
,,,,2,Privada o de paga,
,,,,3,De otro tipo,
37,tiene_b,TIENE_B,C (1),NULL,,
,,,,1,Sí,
,,,,2,No,
38,otorg_b,OTORG_B,C (1),NULL,,
,,,,1,El programa Becas Benito Juárez (antes PROSPERA),
,,,,2,Su escuela pública o de gobierno,
,,,,3,Su escuela privada o de paga,
,,,,4,Un organismo de gobierno,
,,,,5,Una institución privada,
39,forma_b,FORMA_B,C (1),NULL,,
,,,,1,Sólo en dinero,
,,,,2,Sólo en artículos,
,,,,3,En dinero y en artículos,
,,,,4,No paga colegiatura,
,,,,5,Sólo paga parte de la colegiatura,
40,tiene_c,TIENE_C,C (1),NULL,,
,,,,1,Sí,
,,,,2,No,
41,otorg_c,OTORG_C,C (1),NULL,,
,,,,1,Su escuela pública o de gobierno,
,,,,2,Su escuela privada o de paga,
,,,,3,Un organismo de gobierno,
,,,,4,Una institución privada,
42,forma_c,FORMA_C,C (1),NULL,,
,,,,1,Sólo en dinero,
,,,,2,No paga colegiatura,
,,,,3,Sólo paga parte de la colegiatura,
43,nivelaprob,NIVELAPROB,C (1),NULL,,
,,,,0,Ninguno,
,,,,1,Preescolar,
,,,,2,Primaria,
,,,,3,Secundaria,
,,,,4,Preparatoria o bachillerato,
,,,,5,Normal,
,,,,6,Carrera técnica o comercial,
,,,,7,Profesional,
,,,,8,Maestría,
,,,,9,Doctorado,
44,gradoaprob,GRADOAPROB,C (1),NULL,,
,,,,0,Ninguno,
,,,,1,Primer año,
,,,,2,Segundo año,
,,,,3,Tercer año,
,,,,4,Cuarto año,
,,,,5,Quinto año,
,,,,6,Sexto año,
45,antec_esc,ANTEC_ESC,C (1),NULL,,
,,,,1,Primaria,
,,,,2,Secundaria,
,,,,3,Preparatoria o bachillerato,
,,,,4,Licenciatura o profesional,
,,,,5,Maestría,
46,residencia,RESIDENCIA,C (2),NULL,,Categorías en el catálogo de residencia
47,edo_conyug,EDOCONY,C (1),NULL,,
,,,,1,Vive con su pareja en unión libre,
,,,,2,Está casado(a),
,,,,3,Está separado(a),
,,,,4,Está divorciado(a),
,,,,5,Es viudo(a),
,,,,6,Está soltero(a),
48,pareja_hog,ID_PAREJA,C (1),NULL,,
,,,,1,Sí,
,,,,2,No,
49,conyuge_id,NR_PAREJA,C (2),NULL,,el valor &  proveniente de validación se etiqueta como “no especificado” o “perdido por el usuario”
50,segsoc,SEGSOC,C (1),NULL,,
,,,,1,Sí,
,,,,2,No,
51,ss_aa,SS_AA,N (2),NULL,,el valor &  proveniente de validación se reemplaza por -1
52,ss_mm,SS_MM,N (2),NULL,,el valor &  proveniente de validación se reemplaza por -1
53,redsoc_1,REDSOC_1,C (1),NULL,,
,,,,1,Imposible conseguirla,
,,,,2,Difícil conseguirla,
,,,,3,Fácil conseguirla,
,,,,4,Muy fácil conseguirla,
,,,,5,Ni fácil ni difícil conseguirla (espontánea),
54,redsoc_2,REDSOC_2,C (1),NULL,,
,,,,1,Imposible conseguirla,
,,,,2,Difícil conseguirla,
,,,,3,Fácil conseguirla,
,,,,4,Muy fácil conseguirla,
,,,,5,Ni fácil ni difícil conseguirla (espontánea),
55,redsoc_3,REDSOC_3,C (1),NULL,,
,,,,1,Imposible conseguirla,
,,,,2,Difícil conseguirla,
,,,,3,Fácil conseguirla,
,,,,4,Muy fácil conseguirla,
,,,,5,Ni fácil ni difícil conseguirla (espontánea),
56,redsoc_4,REDSOC_4,C (1),NULL,,
,,,,1,Imposible conseguirla,
,,,,2,Difícil conseguirla,
,,,,3,Fácil conseguirla,
,,,,4,Muy fácil conseguirla,
,,,,5,Ni fácil ni difícil conseguirla (espontánea),
57,redsoc_5,REDSOC_5,C (1),NULL,,
,,,,1,Imposible conseguirla,
,,,,2,Difícil conseguirla,
,,,,3,Fácil conseguirla,
,,,,4,Muy fácil conseguirla,
,,,,5,Ni fácil ni difícil conseguirla (espontánea),
58,redsoc_6,REDSOC_6,C (1),NULL,,
,,,,1,Imposible conseguirla,
,,,,2,Difícil conseguirla,
,,,,3,Fácil conseguirla,
,,,,4,Muy fácil conseguirla,
,,,,5,Ni fácil ni difícil conseguirla (espontánea),
59,hor_1,HOR_1,N (3),NULL,,
60,min_1,MIN_1,N (2),NULL,,
61,usotiempo1,USOTIEMPO1,C (1),NULL,,
,,,,8,No recuerda,
,,,,9,No lo hizo,
62,hor_2,HOR_2,N (3),NULL,,
63,min_2,MIN_2,N (2),NULL,,
64,usotiempo2,USOTIEMPO2,C (1),NULL,,
,,,,8,No recuerda,
,,,,9,No lo hizo,
65,hor_3,HOR_3,N (2),NULL,,
66,min_3,MIN_3,N (2),NULL,,
67,usotiempo3,USOTIEMPO3,C (1),NULL,,
,,,,8,No recuerda,
,,,,9,No lo hizo,
68,hor_4,HOR_4,N (2),NULL,,
69,min_4,MIN_4,N (2),NULL,,
70,usotiempo4,USOTIEMPO4,C (1),NULL,,
,,,,8,No recuerda,
,,,,9,No lo hizo,
71,hor_5,HOR_5,N (2),NULL,,
72,min_5,MIN_5,N (2),NULL,,
73,usotiempo5,USOTIEMPO5,C (1),NULL,,
,,,,8,No recuerda,
,,,,9,No lo hizo,
74,hor_6,HOR_6,N (2),NULL,,
75,min_6,MIN_6,N (2),NULL,,
76,usotiempo6,USOTIEMPO6,C (1),NULL,,
,,,,8,No recuerda,
,,,,9,No lo hizo,
77,hor_7,HOR_7,N (2),NULL,,
78,min_7,MIN_7,N (2),NULL,,
79,usotiempo7,USOTIEMPO7,C (1),NULL,,
,,,,8,No recuerda,
,,,,9,No lo hizo,
80,hor_8,HOR_8,N (2),NULL,,
81,min_8,MIN_8,N (2),NULL,,
82,usotiempo8,USOTIEMPO8,C (1),NULL,,
,,,,8,No recuerda,
,,,,9,No lo hizo,
83,pop_insabi,SEGPOP,C (1),NULL,,
,,,,1,Sí,
,,,,2,No,
84,atemed,ATEMED,C (1),NULL,,
,,,,1,Sí,
,,,,2,No,
85,inst_1,INST_1,C (1),NULL,,
,,,,1,En el IMSS,
86,inst_2,INST_2,C (1),NULL,,
,,,,2,En el ISSSTE,
87,inst_3,INST_3,C (1),NULL,,
,,,,3,En el ISSSTE estatal,
88,inst_4,INST_4,C (1),NULL,,
,,,,4,"Por PEMEX, la defensa o la Marina",
89,inst_5,INST_5,C (1),NULL,,
,,,,5,IMSS-Prospera/IMSS-Bienestar,
90,inst_6,INST_6,C (1),NULL,,
,,,,6,Otro,
91,inscr_1,INSCR_1,C (1),NULL,,
,,,,1,Prestación en el trabajo,
92,inscr_2,INSCR_2,C (1),NULL,,
,,,,2,Jubilación o invalidez,
93,inscr_3,INSCR_3,C (1),NULL,,
,,,,3,Algún familiar en el hogar,
94,inscr_4,INSCR_4,C (1),NULL,,
,,,,4,Muerte del asegurado,
95,inscr_5,INSCR_5,C (1),NULL,,
,,,,5,Ser estudiante,
96,inscr_6,INSCR_6,C (1),NULL,,
,,,,6,Contratación propia,
97,inscr_7,INSCR_7,C (1),NULL,,
,,,,7,Algún familiar de otro hogar,
98,inscr_8,INSCR_8,C (1),NULL,,
,,,,8,No sabe,
99,prob_anio,PROB_ANIO,C (4),NULL,,el valor &  proveniente de validación se etiqueta como “no especificado” o “perdido por el usuario”
100,prob_mes,PROB_MES,C (2),NULL,,el valor &  proveniente de validación se etiqueta como “no especificado” o “perdido por el usuario”
,,,,01,enero,
,,,,02,febrero,
,,,,03,marzo,
,,,,04,abril,
,,,,05,mayo,
,,,,06,junio,
,,,,07,julio,
,,,,08,agosto,
,,,,09,septiembre,
,,,,10,octubre,
,,,,11,noviembre,
,,,,12,diciembre,
101,prob_sal,PROB_SAL,C (1),NULL,,
,,,,1,Sí,
,,,,2,No,
102,aten_sal,ATEN_SAL,C (1),NULL,,
,,,,1,Sí,
,,,,2,No,
103,servmed_1,SERVMED_1,C (2),NULL,,
,,,,01,Centros de salud (secretaría de salud),
104,servmed_2,SERVMED_2,C (2),NULL,,
,,,,02,Hospital o instituto (secretaría de salud),
105,servmed_3,SERVMED_3,C (2),NULL,,
,,,,03,Seguro Social o IMSS,
106,servmed_4,SERVMED_4,C (2),NULL,,
,,,,04,IMSS-Prospera/IMSS-Bienestar,
107,servmed_5,SERVMED_5,C (2),NULL,,
,,,,05,ISSSTE,
108,servmed_6,SERVMED_6,C (2),NULL,,
,,,,06,ISSSTE estatal,
109,servmed_7,SERVMED_7,C (2),NULL,,
,,,,07,"Otro servicio médico público (PEMEX, Defensa, Marina, DIF, INI)",
110,servmed_8,SERVMED_8,C (2),NULL,,
,,,,08,Consultorios y hospitales privados,
111,servmed_9,SERVMED_9,C (2),NULL,,
,,,,09,Consultorio de farmacias,
112,servmed_10,SERVMED_10,C (2),NULL,,
,,,,10,"Curandero, hierbero, comadrona, brujo, etcétera",
113,servmed_11,SERVMED_11,C (2),NULL,,
,,,,11,Otro,
114,servmed_12,SERVMED_12,C (2),NULL,,
,,,,12,Instituto de salud para el bienestar (INSABI),
115,hh_lug,HH_LUG,N (2),NULL,,el valor &  proveniente de validación se reemplaza por -1
116,mm_lug,MM_LUG,N (2),NULL,,el valor &  proveniente de validación se reemplaza por -1
117,hh_esp,HH_ESP,N (2),NULL,,el valor &  proveniente de validación se reemplaza por -1
118,mm_esp,MM_ESP,N (2),NULL,,el valor &  proveniente de validación se reemplaza por -1
119,pagoaten_1,PAGOATEN_1,C (1),NULL,,
,,,,1,Consulta,
120,pagoaten_2,PAGOATEN_2,C (1),NULL,,
,,,,2,Medicamentos,
121,pagoaten_3,PAGOATEN_3,C (1),NULL,,
,,,,3,Estudios de laboratorio,
122,pagoaten_4,PAGOATEN_4,C (1),NULL,,
,,,,4,Hospitalización,
123,pagoaten_5,PAGOATEN_5,C (1),NULL,,
,,,,5,Instrumental médico,
124,pagoaten_6,PAGOATEN_6,C (1),NULL,,
,,,,6,Otro,
125,pagoaten_7,PAGOATEN_7,C (1),NULL,,
,,,,7,No pago nada,
126,noatenc_1,NOATENC_1,C (2),NULL,,
,,,,01,No hay donde atenderse,
127,noatenc_2,NOATENC_2,C (2),NULL,,
,,,,02,No tenía dinero,
128,noatenc_3,NOATENC_3,C (2),NULL,,
,,,,03,La clínica u hospital queda lejos,
129,noatenc_4,NOATENC_4,C (2),NULL,,
,,,,04,No lo(la) atienden aunque vaya a la unidad médica,
130,noatenc_5,NOATENC_5,C (2),NULL,,
,,,,05,No le tiene confianza al personal de la unidad médica,
131,noatenc_6,NOATENC_6,C (2),NULL,,
,,,,06,Lo(la) trataron mal donde se atiende,
132,noatenc_7,NOATENC_7,C (2),NULL,,
,,,,07,No hablan la misma lengua que usted,
133,noatenc_8,NOATENC_8,C (2),NULL,,
,,,,08,Hay que esperar mucho para ser atendido(a),
134,noatenc_9,NOATENC_9,C (2),NULL,,
,,,,09,No le dan el medicamento que necesita,
135,noatenc_10,NOATENC_10,C (2),NULL,,
,,,,10,La unidad médica no estaba abierta,
136,noatenc_11,NOATENC_11,C (2),NULL,,
,,,,11,No había médico en la unidad,
137,noatenc_12,NOATENC_12,C (2),NULL,,
,,,,12,Se lo impidió un integrante del hogar,
138,noatenc_13,NOATENC_13,C (2),NULL,,
,,,,13,No tuvo tiempo,
139,noatenc_14,NOATENC_14,C (2),NULL,,
,,,,14,No hubo quién lo llevara,
140,noatenc_15,NOATENC_15,C (2),NULL,,
,,,,15,No quiso o no era necesario,
141,noatenc_16,NOATENC_16,C (2),NULL,,
,,,,16,Se automedicó o autorecetó,
142,norecib_1,NORECIB_1,C (2),NULL,,
,,,,01,Centros de salud (secretaría de salud),
143,norecib_2,NORECIB_2,C (2),NULL,,
,,,,02,Hospital o instituto (secretaría de salud),
144,norecib_3,NORECIB_3,C (2),NULL,,
,,,,03,Seguro Social o IMSS,
145,norecib_4,NORECIB_4,C (2),NULL,,
,,,,04,IMSS-Prospera/IMSS-Bienestar,
146,norecib_5,NORECIB_5,C (2),NULL,,
,,,,05,ISSSTE,
147,norecib_6,NORECIB_6,C (2),NULL,,
,,,,06,ISSSTE estatal,
148,norecib_7,NORECIB_7,C (2),NULL,,
,,,,07,"Otro servicio médico público (PEMEX, Defensa, Marina, DIF, INI)",
149,norecib_8,NORECIB_8,C (2),NULL,,
,,,,08,Consultorios y hospitales privados,
150,norecib_9,NORECIB_9,C (2),NULL,,
,,,,09,Consultorio de farmacias,
151,norecib_10,NORECIB_10,C (2),NULL,,
,,,,10,"Curandero, hierbero, comadrona, brujo, etcétera",
152,norecib_11,NORECIB_11,C (2),NULL,,
,,,,11,Otro,
153,norecib_12,NORECIB_12,C (2),NULL,,
,,,,12,Instituto de salud para el bienestar (INSABI),
154,razon_1,RAZON_1,C (2),NULL,,
,,,,01,No tenía dinero,
155,razon_2,RAZON_2,C (2),NULL,,
,,,,02,No entendía su lengua,
156,razon_3,RAZON_3,C (2),NULL,,
,,,,03,No quisieron,
157,razon_4,RAZON_4,C (2),NULL,,
,,,,04,Dijeron que no era necesario,
158,razon_5,RAZON_5,C (2),NULL,,
,,,,05,No tenían tiempo,
159,razon_6,RAZON_6,C (2),NULL,,
,,,,06,La unidad médica estaba cerrada,
160,razon_7,RAZON_7,C (2),NULL,,
,,,,07,Le dieron cita hasta mucho tiempo después,
161,razon_8,RAZON_8,C (2),NULL,,
,,,,08,No había médico en la unidad,
162,razon_9,RAZON_9,C (2),NULL,,
,,,,09,No le dieron ninguna razón,
163,razon_10,RAZON_10,C (2),NULL,,
,,,,10,El personal de la unidad le dijo que no era necesario que se atendiera,
164,razon_11,RAZON_11,C (2),NULL,,
,,,,11,Otro,
165,diabetes,DIABETES,C (1),NULL,,
,,,,1,Sí,
,,,,2,No,
166,pres_alta,PRES_ALTA,C (1),NULL,,
,,,,1,Sí,
,,,,2,No,
167,peso,PESO,C (1),NULL,,
,,,,1,Sí,
,,,,2,No,
168,segvol_1,SEGVOL_1,C (1),NULL,,
,,,,1,"SAR, AFORE o fondo de pensiones",
169,segvol_2,SEGVOL_2,C (1),NULL,,
,,,,2,Seguro privado de gastos médicos,
170,segvol_3,SEGVOL_3,C (1),NULL,,
,,,,3,Seguro de vida,
171,segvol_4,SEGVOL_4,C (1),NULL,,
,,,,4,Seguro de invalidez,
172,segvol_5,SEGVOL_5,C (1),NULL,,
,,,,5,Otro tipo de seguro,
173,segvol_6,SEGVOL_6,C (1),NULL,,
,,,,6,Ninguno de los anteriores,
174,segvol_7,SEGVOL_7,C (1),NULL,,
,,,,7,No sabe,
175,hijos_viv,HIJOS_VIV,N (2),NULL,,
176,hijos_mue,HIJOS_MUE,N (2),NULL,,
177,hijos_sob,HIJOS_SOB,N (2),NULL,,
178,trabajo_mp,,C (1),NULL,,"Variable construida con las variables TRABAJO y VERIFICA:
IF (TRABAJO='1' | ANY(VERIFICA,'1','2')) trabajo_mp='1'.
IF (TRABAJO='2' AND ANY(VERIFICA,'3','4')) trabajo_mp='2'."
,,,,1,Trabajó el mes pasado,
,,,,2,No trabajó el mes pasado,
179,motivo_aus,MOTIVO,C (2),NULL,,"Esta variable tiene valores para las personas que tienen trabajo, pero no trabajaron  durante el mes pasado."
,,,,01,Huelga o paro laboral,
,,,,02,Paro técnico,
,,,,03,Suspensión temporal de sus funciones,
,,,,04,Asistencia a cursos de capacitación,
,,,,05,Vacaciones,
,,,,06,"Permiso, enfermedad o arreglo de asuntos personales",
,,,,07,Falta de vehículo o descompostura de máquina,
,,,,08,"Falta de materias primas, financiamiento o clientes",
,,,,09,Mal tiempo o fenómeno natural,
,,,,10,Término de temporada de trabajo o cultivo,
,,,,11,Comenzará un trabajo o negocio nuevo,
,,,,12,Otra razón,
,,,,13,Ninguna de las anteriores,
180,act_pnea1,BUSTRAB_1,C (1),NULL,,
,,,,1,Estuvo buscando trabajo,
,,,,2,Es pensionado o jubilado,
,,,,3,Se dedicó a los quehaceres del hogar,
,,,,4,Se dedicó a estudiar,
,,,,5,Es una persona con alguna limitación física o mental que le impide trabajar por el resto de su vida,
,,,,6,Está en otra situación diferente a las anteriores,
181,act_pnea2,BUSTRAB_2,C (1),NULL,,
,,,,2,Es pensionado o jubilado,
,,,,3,Se dedicó a los quehaceres del hogar,
,,,,4,Se dedicó a estudiar,
,,,,5,Es una persona con alguna limitación física o mental que le impide trabajar por el resto de su vida,
182,num_trabaj,TRABAJOS,C (1),NULL,,
,,,,1,Sólo 1,
,,,,2,Dos o más,
183,c_futuro,C_FUTURO,C (1),NULL,,
,,,,1,Sí,
,,,,2,No,
184,ct_futuro,CT_FUTURO,C (1),NULL,,
,,,,1,Trabajo principal,
,,,,2,Trabajo secundario,
,,,,3,Otros trabajos del mes pasado,
,,,,8,Trabajos realizados antes del mes pasado,
,,,,9,"Si tiene programa, pero no lo declaro como el trabajo",
185,entidad,,C (2),NOT NULL,,Variable construida con las claves de la entidad TC_ENIGHV2022_MUESTRAS;
186,est_dis,EDIS_EG,C (3),NOT NULL,,Variable definida en el diseño muestral
187,upm,UPM_DIS,C (7),NOT NULL,,Variable definida en el diseño muestral
188,factor,FACTOR,N (5),NOT NULL,,Factor de expansión proporcionado por el área de muestras
