﻿Tabla:,,AGROPRODUCTOS,,,,,
,,,,,,,
Insumos:,,,,,,,
"TR_ENIGHN2020C14_AGROPRODUCTO
TR_ENIGHN2020C14_AGROVENTA",,,,,,,
,,,,,,,
Construcción general:,,,,,,,
"De la tabla TR_ENIGHN2020C14_AGROVENTA renombrar las variables cantidad y valor por cant_venta y val_venta respectivamente y agregarla a la tabla TR_ENIGHN2020C14_AGROPRODUCTO.
Se renombran las variables (para explotación) de acuerdo a la lista de variables.",,,,,,,
,,,,,,,
Lista de variables:,,,,,,,
#,Variable,,,Tipo,Categorías / valores nulos,,Construcción / Observaciones
,Explotación,Validación,Nemónico DWH,,Valor,Etiqueta,
1,folioviv,FOLIOVIV,IDENTIFICADOR_VIVIENDA,C (10),NOT NULL,,"Identificador de la vivienda compuesto por dos dígitos con la clave de la entidad federativa, uno con el ámbito (urbano, código diferente a 6; rural, código 6), cuatro dígitos del número consecutivo de la upm, un dígito de la decena de levantamiento y dos dígitos con un número consecutivo para la vivienda seleccionada."
2,foliohog,FOLIOHOG,IDENTIFICADOR_HOGAR,C (1),NOT NULL,,"Identificador del hogar, el código 1 identifica al hogar principal y del 2 al 5 los hogares adicionales"
3,numren,NUMREN,IDENTIFICADOR_PERSONA,C (2),NOT NULL,,Número consecutivo en el registro de personas del hogar
4,id_trabajo,NUMTRAB,IDENTIFICADOR_TRABAJO,C (1),NOT NULL,,
,,,,,1,Trabajo principal,
,,,,,2,Trabajo secundario,
5,tipoact,TIPOACT,TIPO_ACTIVIDAD,C (1),NOT NULL,,
,,,,,4,Actividades agrícolas,
,,,,,5,Actividades de cría y explotación de animales,
,,,,,6,Actividades de recolección,
,,,,,7,Reforestación y tala de arboles,
,,,,,8,Actividades de caza y captura de animales,
,,,,,9,Actividades de pesca,
6,numprod,NUMPROD,NÚMERO_PRODUCTO,C (2),NOT NULL,,
7,codigo,CODIGO,CÓDIGO_PRODUCTO,C (3),NOT NULL,,Categorías en catálogo de productos agrícolas
8,cosecha,COSECHA,COSECHA,C (1),NOT NULL,,
,,,,,0,No aplica,
,,,,,1,Sí,
,,,,,2,No,
9,aparce,APARCE,APARCERÍAS,C (1),NULL,,
,,,,,1,Sí,
,,,,,2,No,
10,nocos,NOCOS,CAUSA_NO_COSECHA,C (1),NULL,,
,,,,,1,Estaba en desarrollo,
,,,,,2,Causas naturales,
,,,,,3,Se siniestró,
,,,,,4,Problemas económicos,
,,,,,5,Problemas personales o de salud,
,,,,,6,Otros,
,,,,,7,Venta en pie,
11,vendio,VENDIO,VENDIÓ_PRODUCTO,C (1),NULL,,
,,,,,1,Sí,
,,,,,2,No,
12,uso_hog,USO_HOG,CONSUMO_HOGAR,C (1),NULL,,
,,,,,1,Sí,
,,,,,2,No,
13,uso_prod,USO_PROD,USO_PRODUCTO,C (1),NULL,,
,,,,,1,Sí,
,,,,,2,No,
14,deu_hog,DEU_HOG,PAGAR_DEUDAS_HOGAR,C (1),NULL,,
,,,,,1,Sí,
,,,,,2,No,
15,deu_neg,DEU_NEG,PAGAR_DEUDAS_NEGOCIO,C (1),NULL,,
,,,,,1,Sí,
,,,,,2,No,
16,pag_trab,PAG_TRAB,PAGAR_TRABAJADORES,C (1),NULL,,
,,,,,1,Sí,
,,,,,2,No,
17,uso_reg,USO_REG,REGALAR,C (1),NULL,,
,,,,,1,Sí,
,,,,,2,No,
18,uso_int,USO_INT,INTERCAMBIO_PRODUCTOS,C (1),NULL,,
,,,,,1,Sí,
,,,,,2,No,
19,cicloagr,CICLOAGR,CICLO_AGRÍCOLA,C (1),NULL,,
,,,,,1,Otoño-Invierno,
,,,,,2,Primavera-Verano,
,,,,,3,Ambos,
20,cantidad,CANTIDAD,CANTIDAD_DESIGNADA,N (9),NULL,,
21,cant_venta,CANTIDAD,CANTIDAD_DESIGNADA_VENTAS,N (9),NULL,,Esta variable proviene de la tabla AGROVENTA
22,vtapie,VTAPIE,VALOR_SIEMBRA,N (9),NULL,,
23,valor,VALOR,VALOR_COSECHA,N (10),NULL,,
24,preciokg,PRECIOKG,PRECIO_KILO,"N (12,2)",NULL,,
25,val_venta,VALOR,VALOR_VENTA,N (10),NULL,,Esta variable proviene de la tabla AGROVENTA
