﻿gastonegocioagro,descripcion
"B00","Gasto total (suma de las claves B01 a B021)"
"B01","Alquiler de tierras, renta de bodegas, locales, etcétera"
"B02","Alquiler de maquinaria, equipo y animales"
"B03","Alquiler de transportes, fletes, seguros de transporte y peajes"
"B04","Refacciones, partes y mantenimiento de vehículos"
"B05","Refacciones, partes y mantenimiento de maquinaria"
"B06","Gasolina y diesel para maquinaria y vehículos de transporte"
"B07","Semillas y plantas compradas"
"B08","Alimento para animales de producción"
"B09","Riego"
"B10","Abono y fertilizante"
"B11","Insecticidas, fungicidas, herbicidas, etcétera"
"B12","Servicios profesionales (agrónomos, etcétera)"
"B13","Cuotas a organizaciones y cámaras"
"B14","Compra de uniformes, transporte de personal"
"B15","Pago a trabajadores (empleados y/o jornaleros)"
"B16","Prestaciones pagadas por ley (IMSS, SAR, etcétera)"
"B17","Otras prestaciones dadas al personal"
"B18","Intereses por créditos y/o préstamos (para la producción)"
"B19","Seguros"
"B20","Impuestos y derechos"
"B21","Otros gastos no considerados"
"B22","Sueldo autoasignado"
"C00","Gasto total (suma de las claves C01 a C19)"
"C01","Alquiler de pastos"
"C02","Alquiler de maquinaria, equipo y animales"
"C03","Alquiler de transportes, fletes y seguros de transporte y peajes"
"C04","Refacciones, partes y mantenimiento de vehículos"
"C05","Refacciones, partes y mantenimiento de maquinaria"
"C06","Gasolina y diesel para maquinaria y vehículos de transporte"
"C07","Compra de animales (pollitos, cerdos, becerros, etcétera)"
"C08","Alimento para animales de producción"
"C09","Servicios profesionales (veterinario, biólogo, zootecnistas, etcétera)"
"C10","Vacunas y medicinas"
"C11","Cuotas a organizaciones y cámaras"
"C12","Compra de uniformes, transporte de personal"
"C13","Pago a trabajadores (empleados y/o jornaleros)"
"C14","Prestaciones pagadas por ley (IMSS, SAR, etcétera)"
"C15","Otras prestaciones dadas al personal"
"C16","Intereses por créditos y/o préstamos (para la producción)"
"C17","Seguros"
"C18","Impuestos y derechos"
"C19","Otros gastos no considerados"
"C20","Sueldo autoasignado"
"D00","Gasto total (suma de las claves D01 a D19)"
"D01","Alquiler de maquinaria y equipo"
"D02","Alquiler de transportes, fletes y seguros de transporte y peajes"
"D03","Refacciones, partes y mantenimiento de vehículos"
"D04","Refacciones, partes y mantenimiento de maquinaria"
"D05","Gasolina y diesel para maquinaria y vehículos de transporte"
"D06","Compra de semillas y plantas"
"D07","Árboles para reforestación"
"D08","Abono y fertilizante"
"D09","Servicios profesionales (biólogo, zootecnistas, etcétera)"
"D10","Insecticidas, fungicidas, herbicidas, etcétera"
"D11","Cuotas a organizaciones y cámaras"
"D12","Compra de uniformes, transporte de personal"
"D13","Pago a trabajadores (empleados y/o jornaleros)"
"D14","Prestaciones pagadas por ley (IMSS, SAR, etcétera)"
"D15","Otras prestaciones dadas al personal"
"D16","Intereses por créditos y/o préstamos (para la producción)"
"D17","Seguros"
"D18","Impuestos y derechos"
"D19","Otros gastos no considerados"
"D20","Sueldo autoasignado"
"E00","Gasto total (suma de las claves E01 a E18)"
"E01","Alquiler de maquinaria y equipo"
"E02","Alquiler de transportes, fletes y seguros de transporte y peajes"
"E03","Refacciones, partes y mantenimiento de vehículos"
"E04","Refacciones, partes y mantenimiento de maquinaria"
"E05","Gasolina y diesel para maquinaria y vehículos de transporte"
"E06","Compra de carnada, trampas, balas, municiones, etcétera"
"E07","Alimento para animales"
"E08","Servicios profesionales (veterinario, biólogo, etcétera)"
"E09","Vacunas y medicinas"
"E10","Cuotas a organizaciones y cámaras"
"E11","Compra de uniformes, transporte de personal"
"E12","Pago a trabajadores (empleados y/o jornaleros)"
"E13","Prestaciones pagadas por ley (IMSS, SAR, etcétera)"
"E14","Otras prestaciones dadas al personal"
"E15","Intereses por créditos y/o préstamos (para la producción)"
"E16","Seguros"
"E17","Impuestos y derechos"
"E18","Otros gastos no considerados"
"E19","Sueldo autoasignado"
"F00","Gasto total (suma de las claves F01 a F17)"
"F01","Alquiler de maquinaria y equipo"
"F02","Alquiler de transportes, fletes y seguros de transporte y peajes"
"F03","Refacciones, partes y mantenimiento de vehículos"
"F04","Refacciones, partes y mantenimiento de maquinaria"
"F05","Gasolina y diesel para maquinaria y vehículos de transporte"
"F06","Compra de cebos para pesca, hilo, anzuelos, redes, etcétera"
"F07","Compra de peces para reposición"
"F08","Servicios profesionales (veterinario, biólogo, zootecnistas, etcétera)"
"F09","Cuotas a organizaciones y cámaras"
"F10","Compra de uniformes, transporte al personal"
"F11","Pago a trabajadores (empleados y/o jornaleros)"
"F12","Prestaciones pagadas por ley (IMSS, SAR, etcétera)"
"F13","Otras prestaciones dadas al personal"
"F14","Intereses por créditos y/o préstamos (para la producción)"
"F15","Seguros"
"F16","Impuestos y derechos"
"F17","Otros gastos no considerados"
"F18","Sueldo autoasignado"