﻿Tabla:,,AGROCONSUMO,,,,
,,,,,,
Insumos:,,,,,,
TR_ENIGHV2022_AGROCONSUMO,,,,,,
,,,,,,
Construcción general:,,,,,,
"No tiene ningún tratamiento.
Se renombran las variables (para explotación) de acuerdo a la lista de variables.",,,,,,
,,,,,,
Lista de variables:,,,,,,
#,Variable,,Tipo,Categorías / valores nulos,,Construcción / Observaciones
,Explotación,Validación,,Valor,Etiqueta,
1,folioviv,FOLIOVIV,C (10),NOT NULL,,"Identificador de la vivienda compuesto por dos dígitos con la clave de la entidad federativa, uno con el ámbito (urbano, código diferente a 6; rural, código 6), cuatro dígitos del número consecutivo de la upm, un dígito de la decena de levantamiento y dos dígitos con un número consecutivo para la vivienda seleccionada."
2,foliohog,FOLIOHOG,C (1),NOT NULL,,"Identificador del hogar, el código 1 identifica al hogar principal y del 2 al 5 los hogares adicionales"
3,numren,NUMREN,C (2),NOT NULL,,Número consecutivo en el registro de personas del hogar
4,id_trabajo,NUMTRAB,C (1),NOT NULL,,
,,,,1,Trabajo principal,
,,,,2,Trabajo secundario,
5,tipoact,TIPOACT,C (1),NOT NULL,,
,,,,4,Actividades agrícolas,
,,,,5,Actividades de cría y explotación de animales,
,,,,6,Actividades de recolección,
,,,,7,Reforestación y tala de arboles,
,,,,8,Actividades de caza y captura de animales,
,,,,9,Actividades de pesca,
6,numprod,NUMPROD,C (2),NOT NULL,,
7,codigo,CODIGO,C (3),NOT NULL,,Categorías en catálogo de productos agrícolas
8,cosecha,COSECHA,C (1),NOT NULL,,
,,,,0,No aplica,
,,,,1,Sí,
,,,,2,No,
9,destino,DESTINO,C (1),NOT NULL,,
,,,,1,Consumo del hogar,
,,,,2,Utilizado en el negocio,
,,,,3,Pago deudas del hogar,
,,,,4,Pago deudas del negocio,
,,,,5,Pago a trabajadores,
,,,,6,Regalos otorgados,
,,,,7,Intercambio de productos,
10,cantidad,CANTIDAD,N (9),NOT NULL,,
11,valestim,VALESTIM,N (9),NOT NULL,,
