﻿Tabla:,,GASTOSPERSONA,,,,,
,,,,,,,
Insumos:,,,,,,,
"TR_ENIGHN2020C14_REMESPECIEENC
TR_ENIGHN2020C14_GASTOEDUCA
TR_ENIGHN2020C14_TRANSPORTEPUBL",,,,,,,
,,,,,,,
Construcción general:,,,,,,,
"La conformación de esta tabla se realiza uniendo los registros de cada una de las tablas que contienen información de gasto a nivel persona. Previamente a cada tabla se le asigna un tipo de gasto se construyen o renombran las variables que forman la llave y en su caso se agrega la información a nivel hogar.
El tratamiento para cada tabla es el siguiente:

TR_ENIGHN2020C14_REMESPECIEENC, se agrega la información a nivel FOLIOVIV FOLIOHOG NUMREN CLAVE tipo_gasto MES_DIA FREC INST, se crea la variable tipo_gasto con valor igual a G4, se construye la variable mes_dia (ver nota).
",,,,,,,
"TR_ENIGHN2020C14_GASTOEDUCA, se crea la variable tipo_gasto con valor igual a G1 y se crea la variable que complementa la llave:
mes_dia='0000'.

TR_ENIGHN2020C14_TRANSPORTEPUBLICO, se crea la variable tipo_gasto con valor igual a G1, se construye la variable mes_dia (ver nota).
",,,,,,,
Se unen todas las tablas anteriores y se crea la variable de gasto_nm según el tipo de gasto (ver nota) y se trimestralizan el gasto y el gasto no monetario según su clave y tipo de gasto (ver nota). Se renombran las variables (para explotación) de acuerdo a la lista de variables.,,,,,,,
,,,,,,,
Lista de variables:,,,,,,,
#,Variable,,,Tipo,Categorías / valores nulos,,Construcción / Observaciones
,Explotación,Validación,Nemónico DWH,,Valor,Etiqueta,
1,folioviv,FOLIOVIV,IDENTIFICADOR_VIVIENDA,C (10),NOT NULL,,"Identificador de la vivienda compuesto por dos dígitos con la clave de la entidad federativa, uno con el ámbito (urbano, código diferente a 6; rural, código 6), cuatro dígitos del número consecutivo de la upm, un dígito de la decena de levantamiento y dos dígitos con un número consecutivo para la vivienda seleccionada."
2,foliohog,FOLIOHOG,IDENTIFICADOR_HOGAR,C (1),NOT NULL,,"Identificador del hogar, el código 1 identifica al hogar principal y del 2 al 5 los hogares adicionales"
3,numren,NUMREN,IDENTIFICADOR_PERSONA,C (2),NOT NULL,,Número consecutivo en el registro de personas del hogar
4,clave,CLAVE,CLASIFICACION_GASTO,C (4),NOT NULL,,Categorías en catálogo de gastos
5,tipo_gasto,,TIPO_GASTO,C (2),NOT NULL,,Variable construida (ver nota)
,,,,,G1,Gasto monetario en bienes y servicios para el hogar,
,,,,,G4,Gasto no monetario por remuneraciones en especie,
6,mes_dia,DIA,MES_DIA,C (4),NOT NULL,,"Se construye a partir de la variable DIA (ver nota), categorías en catálogo de fechas"
7,frec_rem,FREC,frecuencia de la remuneración,C (1),NULL,,
,,,,,1,Una vez a la semana,
,,,,,2,Dos veces a la semana,
,,,,,3,Tres veces a la semana,
,,,,,4,Cuatro veces a la semana,
,,,,,5,Cinco veces a la semana,
,,,,,6,Seis veces a la semana,
,,,,,7,Una vez a la quincena,
,,,,,8,Una vez al mes,
,,,,,9,Otros,
8,inst,INST,Institución para cuidados de la salud,C (2),NULL,,Institución que proporciona los productos y servicios para el cuidado de la salud.
,,,,,01,"Médicos, laboratorios y hospitales particulares",
,,,,,02,Servicios médicos del IMSS,
,,,,,03,Servicios médicos del ISSSTE,
,,,,,04,Servicios médicos de PEMEX,
,,,,,05,Servicios médicos del la Marina,
,,,,,06,Servicios médicos del Ejército,
,,,,,07,Servicios médicos de la SSA,
,,,,,08,SSA con Seguro Popular/Instituto de Salud para el Bienestar (INSABI),
,,,,,09,Servicios médicos del DIF,
,,,,,10,Servicios médicos de universidades públicas,
,,,,,11,"Otros servicios médicos:Cruz Roja, Cruz Verde, etc.",
,,,,,12,Servicios médicos provenientes del programa PROSPERA/Bienestar,
,,,,,13,Provenientes de otro hogar,
9,forma_pag1,FPAGO1,PRIMER_FORMA_PAGO,C (2),NOT NULL,,"Variable recodificada (ver nota)
RECODE FPAGO1 ('1'='01') ('2'='02') ('3'='03') ('4'='04')('5'='05')('6'='06')('7'='07')('8'='08')('9'='09') (' '='00') INTO forma_pag1."
,,,,,00,No aplica,
,,,,,01,Efectivo,
,,,,,02,Fiado (persona particular o establecimiento comercial),
,,,,,03,Domiciliación,
,,,,,04,Transferencia electrónica de fondos,
,,,,,05,Tarjeta de crédito,
,,,,,06,Tarjeta de débito,
,,,,,07,Cheque,
,,,,,08,Vale,
,,,,,09,Pago móvil,
,,,,,10,Otro,
10,forma_pag2,FPAGO2,SEGUNDA_FORMA_PAGO,C (2),NOT NULL,,"Variable recodificada (ver nota)
RECODE FPAGO2 ('1'='01') ('2'='02') ('3'='03') ('4'='04')('5'='05')('6'='06')('7'='07')('8'='08')('9'='09') (' '='00') INTO forma_pag2."
,,,,,00,No aplica,
,,,,,01,Efectivo,
,,,,,02,Fiado (persona particular o establecimiento comercial),
,,,,,03,Domiciliación,
,,,,,04,Transferencia electrónica de fondos,
,,,,,05,Tarjeta de crédito,
,,,,,06,Tarjeta de débito,
,,,,,07,Cheque,
,,,,,08,Vale,
,,,,,09,Pago móvil,
,,,,,10,Otro,
11,forma_pag3,FPAGO3,TERCERA_FORMA_PAGO,C (2),NOT NULL,,"Variable recodificada (ver nota)
RECODE FPAGO3 ('1'='01') ('2'='02') ('3'='03') ('4'='04')('5'='05')('6'='06')('7'='07')('8'='08')('9'='09') (' '='00') INTO forma_pag3."
,,,,,00,No aplica,
,,,,,01,Efectivo,
,,,,,02,Fiado (persona particular o establecimiento comercial),
,,,,,03,Domiciliación,
,,,,,04,Transferencia electrónica de fondos,
,,,,,05,Tarjeta de crédito,
,,,,,06,Tarjeta de débito,
,,,,,07,Cheque,
,,,,,08,Vale,
,,,,,09,Pago móvil,
,,,,,10,Otro,
12,inscrip,INSCRIP,GASTO_INSCRIPCIONES,N (9),NULL,,
13,colegia,COLEGIA,GASTO_COLEGIATURAS,N (9),NULL,,
14,material,MATERIAL,GASTO_MATERIAL_EDUCATIVO,N (9),NULL,,
15,cantidad,CANTIDAD,CANTIDAD_COMPRA,"N (10,3)",NULL,,
16,gasto,GASTO,GASTO,"N (10,2)",NULL,,
17,costo,COSTO,COSTO,"N (10,2)",NULL,,
18,gasto_tri,,GASTO_TRIMESTRAL,"N (12,2)",NULL,,Variable construida (ver nota)
19,gasto_nm,,GASTO_NO_MONETARIO,"N (10,2)",NULL,,Variable construida (ver nota)
20,gas_nm_tri,,GASTO_NO_MON_TRIMESTRAL,"N (12,2)",NULL,,Variable construida (ver nota)
,,,,,,,
,,,,,,,
Codificación del tipo de gasto (tipo_gasto),,,,,,,
,TABLA,,,tipo_gasto,,,
,TR_ENIGHN2020C14_REMESPECIEENC,,,G4,Gasto no monetario por remuneraciones en especie,,
,TR_ENIGHN2020C14_GASTOEDUCA,,,G1,Gasto monetario en bienes y servicios para el hogar,,
,TR_ENIGHN2020C14_TRANSPORTEPUBLICO,,,,,,
,,,,,,,
,,,,,,,
Construcción de la variable  MES_DIA,,,,,,,
Si la DECENA (valor 8 de la cadena folioviv) es igual a:,,y la variable DIA es igual a:,"entonces,  MES_DIA es igual a:",Si la DECENA (valor 8 de la cadena folioviv) es igual a:,,y la variable DIA es igual a:,"entonces,  MES_DIA es igual a:"
1,,1,0820,6,,1,1009
1,,2,0821,6,,2,1010
1,,3,0822,6,,3,1011
1,,4,0823,6,,4,1012
1,,5,0824,6,,5,1013
1,,6,0825,6,,6,1014
1,,7,0826,6,,7,1015
2,,1,0830,7,,1,1019
2,,2,0831,7,,2,1020
2,,3,0901,7,,3,1021
2,,4,0902,7,,4,1022
2,,5,0903,7,,5,1023
2,,6,0904,7,,6,1024
2,,7,0905,7,,7,1025
3,,1,0909,8,,1,1029
3,,2,0910,8,,2,1030
3,,3,0911,8,,3,1031
3,,4,0912,8,,4,1101
3,,5,0913,8,,5,1102
3,,6,0914,8,,6,1103
3,,7,0915,8,,7,1104
4,,1,0919,9,,1,1108
4,,2,0920,9,,2,1109
4,,3,0921,9,,3,1110
4,,4,0922,9,,4,1111
4,,5,0923,9,,5,1112
4,,6,0924,9,,6,1113
4,,7,0925,9,,7,1114
5,,1,0929,1 – 9,,0,0000
5,,2,0930,,,,
5,,3,1001,,,,
5,,4,1002,,,,
5,,5,1003,,,,
5,,6,1004,,,,
5,,7,1005,,,,
,,,,,,,
,,,,,,,
,Construcción gasto_nm,,,,,,
,tipo_gasto,,gasto_nm,,,,
,G4,,costo – gasto,,,,
,G4 y gasto=NULL,,costo,,,,
,,,,,,,
,,,,,,,
,Construcción de gasto_tri y gas_nm_tri,,,,,,
,,,,,,,
,"Trimestralización de GASTOS DIRECTOS a nivel PERSONA, dependen de la decena y periodo del gasto determinado por la clave.",,,,,,
,PERIODO DE REFERENCIA,DECENA,Factor de ajuste trimestral,CLAVE,,CONSTRUCCIÓN / OBSERVACIONES,
,DIARIO,"0, 2 – 9",12.8571428571,"A001 – A247, B001 – B007",,"gasto_tri=gasto * (factor de ajuste trimestral)

gas_nm_tri=gasto_nm * (factor de ajuste trimestral)",
,,,,,,,
,MENSUAL,"0, 2 – 5, 9",2.9032258064,"C001 – C024, D001 – D026, E001 – E034, F001 – F014, G001 – G016, R001 – R013",,,
,,6 – 8,3.0000000000,,,,
,TRIMESTRAL,"0, 2 – 9",0.9782608695,"H001 – H136, I001 – I026,
J001 – J072",,,
,,,,,,,
,SEMESTRAL,2,0.4972375690,"K001 – K045, L001 – L029, M001 – M018, N001 – N016, Q001 – Q016",,,
,,"0, 3 – 5, 9",0.4891304347,,,,
,,6 – 8,0.4918032786,,,,
," Nota:  La decena es el dígito 8 de la variable folioviv; no habrá redondeo, sólo truncar a dos decimales.",,,,,,
