﻿Tabla:,,EROGACIONES,,,,
,,,,,,
Insumos:,,,,,,
"TR_ENIGHV2022_EROGACION
TR_ENIGHV2022_VIVIENDA",,,,,,
,,,,,,
Construcción general:,,,,,,
"En la tabla TR_ENIGHV2022_VIVIENDA se crean las variables CLAVE, y ero_1; para los registros con PAGO_VIV>0 :
ero_1=pago_viv, clave=Q100 y mes_1 (ver nota)
Después se extraen los registros con clave=Q100.

El resultado de la tabla anterior se une a la tabla TR_ENIGHV2022_EROGACION, se crea la variable ero_tri y se trimestralizan las erogaciones según su clave (ver nota). Se renombran las variables (para explotación) de acuerdo a la lista de variables.",,,,,,
,,,,,,
Lista de variables:,,,,,,
#,Variable,,Tipo,Categorías / valores nulos,,Construcción / Observaciones
,Explotación,Validación,,Valor,Etiqueta,
1,folioviv,FOLIOVIV,C (10),NOT NULL,,"Identificador de la vivienda compuesto por dos dígitos con la clave de la entidad federativa, uno con el ámbito (urbano, código diferente a 6; rural, código 6), cuatro dígitos del número consecutivo de la upm, un dígito de la decena de levantamiento y dos dígitos con un número consecutivo para la vivienda seleccionada."
2,foliohog,FOLIOHOG,C (1),NOT NULL,,"Identificador del hogar, el código 1 identifica al hogar principal y del 2 al 5 los hogares adicionales"
3,clave,CLAVE,C (4),NOT NULL,,"NOTA: Las erogaciones correspondientes a la clave Q100 se construyen a partir del pago por la vivienda pagado el mes pasado, registrado en la tabla VIVIENDA, esta clave no aparece en el cuestionario de Gastos del hogar."
,,,,Q001,"Depósitos en cuentas de ahorro, tandas, cajas de ahorro, etcétera",
,,,,Q002,Préstamos a personas ajenas al hogar,
,,,,Q003,Pagos a tarjeta de crédito bancaria o comercial (incluye intereses),
,,,,Q004,Pago de deudas a la empresa donde trabajan y/o a otras personas o instituciones (excluya créditos hipotecarios),
,,,,Q005,Pago de intereses por préstamos recibidos,
,,,,Q006,"Compra de monedas nacionales o extranjeras, metales preciosos, alhajas, obras de arte, etcétera",
,,,,Q007,Seguro de vida capitalizable,
,,,,Q008,"Herencias, dotes y legados",
,,,,Q009,"Compra de casas, condominios, locales o terrenos que no habita el hogar",
,,,,Q010,"Compra de terrenos, casas o condominios que habita el hogar",
,,,,Q011,"Pago de hipotecas de bienes inmuebles: casas, locales, terrenos, edificios, etcétera",
,,,,Q012,Otras erogaciones no consideradas en las preguntas anteriores,
,,,,Q013,"Compra de maquinaria, equipo, animales destinados a la reproducción, utilizados en negocios del hogar",
,,,,Q014,Balance negativo en negocios del hogar agropecuarios y no agropecuarios,
,,,,Q015,"Compra de valores: cédulas, acciones y bonos",
,,,,Q016,"Compra de marcas, patentes y derechos de autor",
,,,,Q100,Pago de la vivienda propia y que se está pagando,
4,mes_1,MES_1,C (2),NOT NULL,,
,,,,07,julio,
,,,,08,agosto,
,,,,09,septiembre,
,,,,10,octubre,
5,mes_2,MES_2,C (2),NOT NULL,,
,,,,06,junio,
,,,,07,julio,
,,,,08,agosto,
,,,,09,septiembre,
6,mes_3,MES_3,C (2),NOT NULL,,
,,,,05,mayo,
,,,,06,junio,
,,,,07,julio,
,,,,08,agosto,
7,mes_4,MES_4,C (2),NOT NULL,,
,,,,04,abril,
,,,,05,mayo,
,,,,06,junio,
,,,,07,julio,
8,mes_5,MES_5,C (2),NOT NULL,,
,,,,03,marzo,
,,,,04,abril,
,,,,05,mayo,
,,,,06,junio,
9,mes_6,MES_6,C (2),NOT NULL,,
,,,,02,febrero,
,,,,03,marzo,
,,,,04,abril,
,,,,05,mayo,
10,ero_1,ERO_1,N (9),NOT NULL,,
11,ero_2,ERO_2,N (9),NULL,,
12,ero_3,ERO_3,N (9),NULL,,
13,ero_4,ERO_4,N (9),NULL,,
14,ero_5,ERO_5,N (9),NULL,,
15,ero_6,ERO_6,N (9),NULL,,
16,ero_tri,,"N (12,2)",NULL,,Variable construida (ver nota)
,,,,,,
,,,,,,
,"Trimestralización de EROGACIONES, dependen de la decena y periodo de la erogación determinado por la clave.",,,,,
,PERIODO DE REFERENCIA,DECENA,Factor de ajuste trimestral,CLAVE,,
,MENSUAL,"2 – 5, 9, 0",2.9032258064,Q100*,,ero_tri= ero_1 *  (factor de ajuste trimestral)
,,6 – 8,3.0000000000,,,
,SEMESTRAL,2,0.4972375690,Q001 – Q016,,ero_tri= (ero_1 + ero_2 + ero_3 + ero_4 + ero_5 + ero_6) * (factor de ajuste trimestral)
,,"3 – 5, 9, 0",0.4891304347,,,
,,6 – 8,0.4918032786,,,
,"Nota: La decena es el dígito 8 de la variable folioviv; no habrá redondeo, sólo truncar a dos decimales.
* Las erogaciones correspondientes a la clave Q100 sólo se trimestralizan si la variable pago_mesp de la tabla TR_ENIGHV2022_VIVIENDA es igual a 1.",,,,,
,,,,,,
,,,,,,
,Construcción mes_1 para la clave Q100,,,,,
,Si la DECENA (valor 8 de la cadena folioviv) es igual a:,,mes_1,,,
,2,,07,,,
,3 – 5,,08,,,
,6 – 8,,09,,,
,"9, 0",,10,,,
